Workbook

Sheet 0_origin
A1: _id | B1: units | C1: specifier | D1: doi | E1: solvent | F1: standard_value | G1: smiles | H1: corrected | I1: context | O1: solutionkeywords
A2: 0 | B2: (10^-9.0) * Meter^(1.0) | C2: λema | D2: https://doi.org/10.1016/j.cej.2022.135775 | F2: 638 | G2: N1=CC=C(C=C1)C=1C=C2N=C3C(=NC2=CC1C1=CC=NC=C1)C=1C=CC(=C2C=CC=C3C12)N1C2=CC=CC=C2OC=2C=CC=CC12 | H2: 0 | I2: 638 🙃🙃🙃🙃 pDPAPQ - PXZ 🙃🙃🙃🙃 λema [ nm ]; Summary of the photophysical properties of pDPAPQ-PXZ and pDPBPZ-PXZ. | O2: toluene
A3: 1 | B3: (10^-9.0) * Meter^(1.0) | C3: λema | D3: https://doi.org/10.1016/j.cej.2022.135775 | F3: 639 | G3: N1=CC=C(C=C1)C=1C=C2N=C3C4=C(C5=C(C3=NC2=CC1C1=CC=NC=C1)C=CC(=C5)N5C1=CC=CC=C1OC=1C=CC=CC51)C=CC=C4 | H3: 0 | I3: 639 🙃🙃🙃🙃 pDPBPZ - PXZ 🙃🙃🙃🙃 λema [ nm ]; Summary of the photophysical properties of pDPAPQ-PXZ and pDPBPZ-PXZ. | O3: thf
A4: 2 | B4: (10^-9.0) * Meter^(1.0) | C4: λem | D4: https://doi.org/10.1016/j.dyepig.2023.111250 | F4: 402 | G4: C1(=CC=CC=C1)C1=NC(=NC(=N1)C1=CC=CC=C1)C1=C(C=CC=C1)N1C2=CC=CC=C2C=2C=CC=CC12 | H4: 0 | I4: 402 🙃🙃🙃🙃 oCzTrz 🙃🙃🙃🙃 λem ( nm ) ; Wavelength of the singlet emission at the onset position .; Summary of the electrochemical and photophysical properties of oCzTrz and PhoCzTrz. | O4: dcm
A5: 4 | B5: (10^-9.0) * Meter^(1.0) | C5: λPL | D5: https://doi.org/10.1016/j.jphotochem.2024.116046 | E5: toluene | F5: 440 | G5: C(C)(C)(C)C=1C=CC=2N(C3=CC=C(C=C3C2C1)C(C)(C)C)CCCCCCCCC1(C2=CC=CC=C2C=2C=CC(=CC12)C1=C2C=CC=CC2=C(C2=CC=CC=C12)C1=CC=C(C#N)C=C1)CCCCCCCCN1C2=CC=C(C=C2C=2C=C(C=CC12)C(C)(C)C)C(C)(C)C | H5: 0 | I5: 440 / 449 🙃🙃🙃🙃 FAnCN 🙃🙃🙃🙃 λPL ( nm ) sola / filmb; The physical and photophysical data of the emitters. | O5: dichloro
A6: 5 | B6: (10^-9.0) * Meter^(1.0) | C6: λPL | D6: https://doi.org/10.1016/j.jphotochem.2024.116046 | E6: toluene | F6: 424 | G6: C(C)(C)(C)C=1C=CC=2N(C3=CC=C(C=C3C2C1)C(C)(C)C)CCCCCCCCC1(C2=CC=CC=C2C=2C=CC(=CC12)C1=CC2=C3C=CC=CC3=C(C=C2C=2C=CC=CC12)C1=CC=C(C#N)C=C1)CCCCCCCCN1C2=CC=C(C=C2C=2C=C(C=CC12)C(C)(C)C)C(C)(C)C | H6: 0 | I6: 424 / 439 🙃🙃🙃🙃 FCsCN 🙃🙃🙃🙃 λPL ( nm ) sola / filmb; The physical and photophysical data of the emitters. | O6: ch2cl2
A7: 6 | B7: (10^-9.0) * Meter^(1.0) | C7: λem | D7: https://doi.org/10.1016/j.dyepig.2021.109649 | F7: 536 | G7: CC1(C2=CC=CC=C2N(C=2C=CC=CC12)C1=CC=C(C=C1)C(=O)C1=CC=C(C=C1)SC1=CC=CC=C1)C | H7: 0 | I7: 536 🙃🙃🙃🙃 PT - BZ - DMAC 🙃🙃🙃🙃 λem [ nm ] ; Absorption and PL peak wavelengths in dilute toluene solutions at RT .; Summary of physical parameters of PT-BZ-DMAC and PS-BZ-DMAC. | O7: chloroform
A8: 7 | B8: (10^-9.0) * Meter^(1.0) | C8: λem | D8: https://doi.org/10.1016/j.dyepig.2021.109649 | F8: 574 | G8: CC1(C2=CC=CC=C2N(C=2C=CC=CC12)C1=CC=C(C=C1)C(=O)C1=CC=C(C=C1)S(=O)(=O)C1=CC=CC=C1)C | H8: 0 | I8: 574 🙃🙃🙃🙃 PS - BZ - DMAC 🙃🙃🙃🙃 λem [ nm ] ; Absorption and PL peak wavelengths in dilute toluene solutions at RT .; Summary of physical parameters of PT-BZ-DMAC and PS-BZ-DMAC. | O8: cdcl3
A9: 8 | B9: (10^-9.0) * Meter^(1.0) | C9: λPL | D9: https://doi.org/10.1016/j.jlumin.2021.118683 | E9: toluene | F9: 654 | G9: C(C)(C)C1=C(C(=CC=C1)C(C)C)N1C(C2=CC(=CC=3C2=C(C1=O)C=C(C3)N3C=1C=CC=CC1C(C1=CC=CC=C31)(C)C)N3C=1C=CC=CC1C(C1=CC=CC=C31)(C)C)=O | H9: 0 | I9: 654 / 646 / 618 Measured in toluene solutions ( 1 × 10−5 M ) . Measured in neat film . Measured in doped mCPCN film . 🙃🙃🙃🙃 2DN 🙃🙃🙃🙃 λPL [ nm ]; Summaries of physical data of 2DN and 2PN. | O9: solution
A10: 9 | B10: (10^-9.0) * Meter^(1.0) | C10: λPL | D10: https://doi.org/10.1016/j.jlumin.2021.118683 | E10: toluene | F10: 755 | G10: C(C)(C)C1=C(C(=CC=C1)C(C)C)N1C(C2=CC(=CC=3C2=C(C1=O)C=C(C3)N3C1=CC=CC=C1OC=1C=CC=CC31)N3C1=CC=CC=C1OC=1C=CC=CC31)=O | H10: 0 | I10: 755 / 725 / 650 Measured in toluene solutions ( 1 × 10−5 M ) . Measured in neat film . Measured in doped mCPCN film . 🙃🙃🙃🙃 2PN 🙃🙃🙃🙃 λPL [ nm ]; Summaries of physical data of 2DN and 2PN. | O10: solvent
A11: 11 | B11: (10^-9.0) * Meter^(1.0) | C11: PL | D11: https://doi.org/10.1016/j.dyepig.2024.112417 | E11: toluene | F11: 440 | G11: C(C)(C)(C)C1=CC=C(C=C1)N(C1=CC=C(C=C1)C=1N(C(=C(N1)C#N)C#N)C)C1=CC=C(C=C1)C(C)(C)C | H11: 0 | I11: 440 / 463 🙃🙃🙃🙃 DCI - TPA 🙃🙃🙃🙃 PL / PL ( nm ) ; Measured in toluene solution . ; Measured in neat films .; Photophysical, electrochemical and thermal properties of the compounds. | O11: dissolve
A12: 13 | B12: (10^-9.0) * Meter^(1.0) | C12: PL | D12: https://doi.org/10.1016/j.dyepig.2024.112417 | E12: toluene | F12: 457 | G12: C(C)(C)(C)C1=CC=C(C=C1)N(C1=CC=C(C=C1)C1=NC2=C(N1C)C=C(C(=C2)C#N)C#N)C2=CC=C(C=C2)C(C)(C)C | H12: 0 | I12: 457 / 460 🙃🙃🙃🙃 DCBI - TPA 🙃🙃🙃🙃 PL / PL ( nm ) ; Measured in toluene solution . ; Measured in neat films .; Photophysical, electrochemical and thermal properties of the compounds. | O12: hexane
A13: 14 | B13: (10^-9.0) * Meter^(1.0) | C13: λem | D13: https://doi.org/10.1016/j.cej.2020.126173 | E13: toluene | F13: 479 | G13: C1(=CC=CC=C1)C1=NC(=NC(=N1)C1=CC=CC=C1)C1=C(C=CC=C1)N1C=2C=CC=CC2C=2C=CC3=C(C12)C1=CC=CC=C1C31C3=CC=CC=C3C=3C=CC=CC31 | H13: 0 | I13: 479 🙃🙃🙃🙃 SF34oTz 🙃🙃🙃🙃 λem ( nm ) c ; Emission peaks in toluene solution ( 1 * 10−5 M ) .; Thermal, electrochemical, and photophysical data of SFxoTzs. | O13: tetrahydr
A14: 15 | B14: (10^-9.0) * Meter^(1.0) | C14: λPL | D14: https://doi.org/10.1016/j.orgel.2018.04.045 | E14: toluene | F14: 533 | G14: C1=CC=CC=2OC3=CC=CC=C3N(C12)C=1C=CC=2C3=C(C4=CC=C(C=C4C2C1)N1C2=CC=CC=C2OC=2C=CC=CC12)N=C(C(=N3)C#N)C#N | H14: 0 | I14: 533 / 564 🙃🙃🙃🙃 PXZ - DCPP 🙃🙃🙃🙃 λPL ( nm ) soln / doped film ; Measured in dilute toluene solution and doped CBP film on quartz , respectively .; The thermal, electrochemical and photophysical properties of PXZ-DCPP and PTZ-DCPP. | O14: chcl3
A15: 16 | B15: (10^-9.0) * Meter^(1.0) | C15: λPL | D15: https://doi.org/10.1016/j.orgel.2018.04.045 | E15: toluene | F15: 539 | G15: C1=CC=CC=2SC3=CC=CC=C3N(C12)C=1C=CC=2C3=C(C4=CC=C(C=C4C2C1)N1C2=CC=CC=C2SC=2C=CC=CC12)N=C(C(=N3)C#N)C#N | H15: 0 | I15: 539 / 580 🙃🙃🙃🙃 PTZ - DCPP 🙃🙃🙃🙃 λPL ( nm ) soln / doped film ; Measured in dilute toluene solution and doped CBP film on quartz , respectively .; The thermal, electrochemical and photophysical properties of PXZ-DCPP and PTZ-DCPP. | O15: dilute
A16: 17 | B16: (10^-9.0) * Meter^(1.0) | C16: λPLc | D16: https://doi.org/10.1016/j.cej.2020.127591 | F16: 415 | G16: C1=CC=CC=2C=3C=CC4=C(C3N(C12)C1=NC=C(N=C1)N1C=2C=CC=CC2C=2C=CC3=C(C12)OC1=C3C=CC=C1)OC1=C4C=CC=C1 | H16: 0 | I16: 415 🙃🙃🙃🙃 BFCZPZ1 🙃🙃🙃🙃 λPLc [ nm ]; Physical properties of six materials.
A17: 18 | B17: (10^-9.0) * Meter^(1.0) | C17: λPLc | D17: https://doi.org/10.1016/j.cej.2020.127591 | F17: 444 | G17: C1=C2C=3C4=C(C=CC3N(C2=CC=C1)C1=NC=C(N=C1)N1C2=CC=CC=C2C=2C3=C(C=CC12)C1=C(O3)C=CC=C1)C1=C(O4)C=CC=C1 | H17: 0 | I17: 444 🙃🙃🙃🙃 BFCZPZ2 🙃🙃🙃🙃 λPLc [ nm ]; Physical properties of six materials.
A18: 19 | B18: (10^-9.0) * Meter^(1.0) | C18: λPLc | D18: https://doi.org/10.1016/j.cej.2020.127591 | F18: 444 | G18: C1=CC=CC2=C1C=1C(=CC=C3C4=CC=CC=C4N(C13)C1=NC=C(N=C1)N1C3=CC=CC=C3C3=CC=C4C(=C13)C1=C(O4)C=CC=C1)O2 | H18: 0 | I18: 444 🙃🙃🙃🙃 BFCZPZ3 🙃🙃🙃🙃 λPLc [ nm ]; Physical properties of six materials.
A19: 20 | B19: (10^-9.0) * Meter^(1.0) | C19: λPLc | D19: https://doi.org/10.1016/j.cej.2020.127591 | F19: 456 | G19: C1=CC=CC=2C=3C=CC4=C(C3N(C12)C1=NC=C(N=C1)N1C=2C=CC=CC2C=2C=CC3=C(C12)SC1=C3C=CC=C1)SC1=C4C=CC=C1 | H19: 0 | I19: 456 🙃🙃🙃🙃 BTCZPZ1 🙃🙃🙃🙃 λPLc [ nm ]; Physical properties of six materials.
A20: 21 | B20: (10^-9.0) * Meter^(1.0) | C20: λPLc | D20: https://doi.org/10.1016/j.cej.2020.127591 | F20: 444 | G20: C1=C2C=3C4=C(C=CC3N(C2=CC=C1)C1=NC=C(N=C1)N1C2=CC=CC=C2C=2C3=C(C=CC12)C1=C(S3)C=CC=C1)C1=C(S4)C=CC=C1 | H20: 0 | I20: 444 🙃🙃🙃🙃 BTCZPZ2 🙃🙃🙃🙃 λPLc [ nm ]; Physical properties of six materials.
A21: 22 | B21: (10^-9.0) * Meter^(1.0) | C21: λPLc | D21: https://doi.org/10.1016/j.cej.2020.127591 | F21: 454 | G21: C1=CC(=CC=2C3=CC=CC=C3N(C12)C1=NC=C(N=C1)N1C2=CC=CC=C2C=2C=C(C=CC12)N1C2=CC=CC=C2C=2C=CC=CC12)N1C2=CC=CC=C2C=2C=CC=CC12 | H21: 0 | I21: 454 🙃🙃🙃🙃 CZ9CZPZ 🙃🙃🙃🙃 λPLc [ nm ]; Physical properties of six materials.
A22: 23 | B22: (10^-9.0) * Meter^(1.0) | C22: λPL | D22: https://doi.org/10.1016/j.cej.2020.127591 | F22: 430 | G22: C1=CC=CC=2C=3C=CC4=C(C3N(C12)C1=NC=C(N=C1)N1C=2C=CC=CC2C=2C=CC3=C(C12)OC1=C3C=CC=C1)OC1=C4C=CC=C1 | H22: 0 | I22: 430 🙃🙃🙃🙃 BFCZPZ1 🙃🙃🙃🙃 λPL [ nm ]; Photophysical properties of six TADF materials in 7 wt% emitter: PPT doped films.
A23: 24 | B23: (10^-9.0) * Meter^(1.0) | C23: λPL | D23: https://doi.org/10.1016/j.cej.2020.127591 | F23: 462 | G23: C1=C2C=3C4=C(C=CC3N(C2=CC=C1)C1=NC=C(N=C1)N1C2=CC=CC=C2C=2C3=C(C=CC12)C1=C(O3)C=CC=C1)C1=C(O4)C=CC=C1 | H23: 0 | I23: 462 🙃🙃🙃🙃 BFCZPZ2 🙃🙃🙃🙃 λPL [ nm ]; Photophysical properties of six TADF materials in 7 wt% emitter: PPT doped films.
A24: 25 | B24: (10^-9.0) * Meter^(1.0) | C24: λPL | D24: https://doi.org/10.1016/j.cej.2020.127591 | F24: 458 | G24: C1=CC=CC2=C1C=1C(=CC=C3C4=CC=CC=C4N(C13)C1=NC=C(N=C1)N1C3=CC=CC=C3C3=CC=C4C(=C13)C1=C(O4)C=CC=C1)O2 | H24: 0 | I24: 458 🙃🙃🙃🙃 BFCZPZ3 🙃🙃🙃🙃 λPL [ nm ]; Photophysical properties of six TADF materials in 7 wt% emitter: PPT doped films.
A25: 26 | B25: (10^-9.0) * Meter^(1.0) | C25: λPL | D25: https://doi.org/10.1016/j.cej.2020.127591 | F25: 477 | G25: C1=CC=CC=2C=3C=CC4=C(C3N(C12)C1=NC=C(N=C1)N1C=2C=CC=CC2C=2C=CC3=C(C12)SC1=C3C=CC=C1)SC1=C4C=CC=C1 | H25: 0 | I25: 477 🙃🙃🙃🙃 BTCZPZ1 🙃🙃🙃🙃 λPL [ nm ]; Photophysical properties of six TADF materials in 7 wt% emitter: PPT doped films.
A26: 27 | B26: (10^-9.0) * Meter^(1.0) | C26: λPL | D26: https://doi.org/10.1016/j.cej.2020.127591 | F26: 462 | G26: C1=C2C=3C4=C(C=CC3N(C2=CC=C1)C1=NC=C(N=C1)N1C2=CC=CC=C2C=2C3=C(C=CC12)C1=C(S3)C=CC=C1)C1=C(S4)C=CC=C1 | H26: 0 | I26: 462 🙃🙃🙃🙃 BTCZPZ2 🙃🙃🙃🙃 λPL [ nm ]; Photophysical properties of six TADF materials in 7 wt% emitter: PPT doped films.
A27: 28 | B27: (10^-9.0) * Meter^(1.0) | C27: λPL | D27: https://doi.org/10.1016/j.cej.2020.127591 | F27: 458 | G27: C1=CC(=CC=2C3=CC=CC=C3N(C12)C1=NC=C(N=C1)N1C2=CC=CC=C2C=2C=C(C=CC12)N1C2=CC=CC=C2C=2C=CC=CC12)N1C2=CC=CC=C2C=2C=CC=CC12 | H27: 0 | I27: 458 🙃🙃🙃🙃 CZ9CZPZ 🙃🙃🙃🙃 λPL [ nm ]; Photophysical properties of six TADF materials in 7 wt% emitter: PPT doped films.
A28: 29 | B28: (10^-9.0) * Meter^(1.0) | C28: λem | D28: https://doi.org/10.1016/j.dyepig.2019.107957 | E28: toluene | F28: 523 | G28: C1=CC(=CC2=C1C1=NC3=CC=C(C=C3N=C1C1=C2C=C(C=C1)C1=CC=C(N(C2=CC=CC=C2)C2=CC=CC=C2)C=C1)C1=CC=C(N(C2=CC=CC=C2)C2=CC=CC=C2)C=C1)C1=CC=C(N(C2=CC=CC=C2)C2=CC=CC=C2)C=C1 | H28: 0 | I28: 523 , 544 , 527 Measured in toluene at 300 K . Measured in thin films on quartz substrate at 300 K . Measured in doped films on quartz substrate at 300 K . 🙃🙃🙃🙃 DBP -3TPA 🙃🙃🙃🙃 λem [ nm ]; Thermal, photophysical, and electrochemical properties of these compounds.
A29: 30 | B29: (10^-9.0) * Meter^(1.0) | C29: λem | D29: https://doi.org/10.1016/j.dyepig.2019.107957 | E29: toluene | F29: 533 | G29: C1=CC(=CC2=C1C1=NC3=CC(=C(C=C3N=C1C1=C2C=C(C=C1)C1=CC=C(N(C2=CC=CC=C2)C2=CC=CC=C2)C=C1)C1=CC=C(N(C2=CC=CC=C2)C2=CC=CC=C2)C=C1)C1=CC=C(N(C2=CC=CC=C2)C2=CC=CC=C2)C=C1)C1=CC=C(N(C2=CC=CC=C2)C2=CC=CC=C2)C=C1 | H29: 0 | I29: 533 , 552 , 532 Measured in toluene at 300 K . Measured in thin films on quartz substrate at 300 K . Measured in doped films on quartz substrate at 300 K . 🙃🙃🙃🙃 DBP -4TPA 🙃🙃🙃🙃 λem [ nm ]; Thermal, photophysical, and electrochemical properties of these compounds.
A30: 31 | B30: (10^-9.0) * Meter^(1.0) | C30: λem | D30: https://doi.org/10.1016/j.dyepig.2019.107957 | E30: toluene | F30: 569 | G30: C1=CC(=CC2=C1C1=NC3=CC=C(C=C3N=C1C1=C2C=C(C=C1)C1=CC=C(N(C2=CC=C(C=C2)OC)C2=CC=C(C=C2)OC)C=C1)C1=CC=C(N(C2=CC=C(C=C2)OC)C2=CC=C(C=C2)OC)C=C1)C1=CC=C(N(C2=CC=C(C=C2)OC)C2=CC=C(C=C2)OC)C=C1 | H30: 0 | I30: 569 , 614 , 579 Measured in toluene at 300 K . Measured in thin films on quartz substrate at 300 K . Measured in doped films on quartz substrate at 300 K . 🙃🙃🙃🙃 DBP -3MOTPA 🙃🙃🙃🙃 λem [ nm ]; Thermal, photophysical, and electrochemical properties of these compounds.
A31: 32 | B31: (10^-9.0) * Meter^(1.0) | C31: λem | D31: https://doi.org/10.1016/j.dyepig.2019.107957 | E31: toluene | F31: 594 | G31: C1=CC(=CC2=C1C1=NC3=CC(=C(C=C3N=C1C1=C2C=C(C=C1)C1=CC=C(N(C2=CC=C(C=C2)OC)C2=CC=C(C=C2)OC)C=C1)C1=CC=C(N(C2=CC=C(C=C2)OC)C2=CC=C(C=C2)OC)C=C1)C1=CC=C(N(C2=CC=C(C=C2)OC)C2=CC=C(C=C2)OC)C=C1)C1=CC=C(N(C2=CC=C(C=C2)OC)C2=CC=C(C=C2)OC)C=C1 | H31: 0 | I31: 594 , 626 , 596 Measured in toluene at 300 K . Measured in thin films on quartz substrate at 300 K . Measured in doped films on quartz substrate at 300 K . 🙃🙃🙃🙃 DBP -4MOTPA 🙃🙃🙃🙃 λem [ nm ]; Thermal, photophysical, and electrochemical properties of these compounds.
A32: 34 | B32: (10^-9.0) * Meter^(1.0) | C32: λems | D32: https://doi.org/10.1016/j.orgel.2017.06.034 | E32: toluene | F32: 715 | G32: COC1=CC=C(C=C1)N(C1=CC=C(C=C1)C1=CC=2C(C3=CC=C(C=C3C(C2C=C1)=O)C1=CC=C(C=C1)N(C1=CC=C(C=C1)OC)C1=CC=C(C=C1)OC)=O)C1=CC=C(C=C1)OC | H32: 0 | I32: 715 Measured in deposited films at 300 K . 🙃🙃🙃🙃 MPPA - Cz 🙃🙃🙃🙃 388 🙃🙃🙃🙃 345,379 , 487 🙃🙃🙃🙃 λems [ nm ]; Physical properties of MPPA, MPPA-Cz and MPPA-3Cz.
A33: 35 | B33: (10^-9.0) * Meter^(1.0) | C33: λems | D33: https://doi.org/10.1016/j.orgel.2017.06.034 | E33: toluene | F33: 667 | G33: COC1=CC=C(C=C1)N(C1=CC=C(C=C1)C1=CC=2C(C3=CC=C(C=C3C(C2C=C1)=O)C1=CC=C(C=C1)N(C1=CC=C(C=C1)OC)C1=CC=C(C=C1)OC)=O)C1=CC=C(C=C1)OC | H33: 0 | I33: 667 Measured in toluene at 300 K . 🙃🙃🙃🙃 MPPA -3Cz 🙃🙃🙃🙃 427 🙃🙃🙃🙃 265,294,330 🙃🙃🙃🙃 λems [ nm ]; Physical properties of MPPA, MPPA-Cz and MPPA-3Cz.
A34: 36 | B34: (10^-9.0) * Meter^(1.0) | C34: λems | D34: https://doi.org/10.1016/j.orgel.2017.06.034 | E34: toluene | F34: 708 | G34: COC1=CC=C(C=C1)N(C1=CC=C(C=C1)C1=CC=2C(C3=CC=C(C=C3C(C2C=C1)=O)C1=CC=C(C=C1)N(C1=CC=C(C=C1)OC)C1=CC=C(C=C1)OC)=O)C1=CC=C(C=C1)OC | H34: 0 | I34: 708 Measured in deposited films at 300 K . 🙃🙃🙃🙃 MPPA -3Cz 🙃🙃🙃🙃 427 🙃🙃🙃🙃 342,479,497 🙃🙃🙃🙃 λems [ nm ]; Physical properties of MPPA, MPPA-Cz and MPPA-3Cz.
A35: 39 | B35: (10^-9.0) * Meter^(1.0) | C35: λem | D35: https://doi.org/10.1016/j.dyepig.2023.111503 | E35: toluene | F35: 520 | G35: C1(=CC=CC=C1)N(C=1C=CC=2N(C3=CC=C(C=C3C2C1)N(C1=CC=CC=C1)C1=CC=CC=C1)C=1C=CC=2C(C3=CC=C(C=C3N(C2C1)C1=CC=CC=C1)N1C2=CC=C(C=C2C=2C=C(C=CC12)N(C1=CC=CC=C1)C1=CC=CC=C1)N(C1=CC=CC=C1)C1=CC=CC=C1)=O)C1=CC=CC=C1 | H35: 0 | I35: 520 / 535 🙃🙃🙃🙃 3,6 - DPCz - AD 🙃🙃🙃🙃 λem / λem [ nm ] ; Absorption and fluorescence peak wavelengths in toluene solutions at RT . ; Fluorescence wavelength in doped film in PPF .; The experimentally obtained basic parameters of,6-DPCz-AD.
A36: 40 | B36: (10^-9.0) * Meter^(1.0) | C36: λem | D36: https://doi.org/10.1016/j.cclet.2023.108385 | E36: water | F36: 515 | G36: C1(=CC=CC=C1)N(C1=CC=CC=C1)C1=CC=2C(C3=CC(=CC=C3C2C=C1)N(C1=CC=CC=C1)C1=CC=CC=C1)(C)C | H36: 0 | I36: 515 🙃🙃🙃🙃 2 🙃🙃🙃🙃 λem ( nm ); A summary of properties of organic LPL materials.
A37: 41 | B37: (10^-9.0) * Meter^(1.0) | C37: λem | D37: https://doi.org/10.1016/j.cclet.2023.108385 | E37: water | F37: 530 | G37: C1(=CC=CC=C1)N(C1=CC=CC=C1)C1=CC=2C(C3=CC(=CC=C3C2C=C1)N(C1=CC=CC=C1)C1=CC=CC=C1)(C)C | H37: 0 | I37: 530 🙃🙃🙃🙃 12 🙃🙃🙃🙃 λem ( nm ); A summary of properties of organic LPL materials.
A38: 42 | B38: (10^-9.0) * Meter^(1.0) | C38: λem | D38: https://doi.org/10.1016/j.dyepig.2020.108521 | E38: toluene | F38: 451 | G38: C1=CC=CC=2C3=CC=CC=C3N(C12)C1=CC=C(C=C1)C1=C(C(=NC(=C1C#N)C)C)C#N | H38: 0 | I38: 451 / 445 🙃🙃🙃🙃 λem / ( nm ) Recorded in dilute toluene ( 10−5 M ) . Recorded in doped film ( 10 wt % in PPF ) . 🙃🙃🙃🙃 Me - Cz; Data of simulation, photophysical and electrochemical properties.
A39: 43 | B39: (10^-9.0) * Meter^(1.0) | C39: λem | D39: https://doi.org/10.1016/j.dyepig.2020.108521 | E39: toluene | F39: 509 | G39: COC=1C=CC=2N(C3=CC=CC=C3C2C1)C1=CC=C(C=C1)C1=C(C(=NC(=C1C#N)C)C)C#N | H39: 0 | I39: 509 / 497 🙃🙃🙃🙃 λem / ( nm ) Recorded in dilute toluene ( 10−5 M ) . Recorded in doped film ( 10 wt % in PPF ) . 🙃🙃🙃🙃 Me - MOC; Data of simulation, photophysical and electrochemical properties.
A40: 44 | B40: (10^-9.0) * Meter^(1.0) | C40: λem | D40: https://doi.org/10.1016/j.dyepig.2020.108521 | E40: toluene | F40: 518 | G40: COC=1C=CC=2N(C3=CC=C(C=C3C2C1)OC)C1=CC=C(C=C1)C1=C(C(=NC(=C1C#N)C)C)C#N | H40: 0 | I40: 518 / 516 🙃🙃🙃🙃 λem / ( nm ) Recorded in dilute toluene ( 10−5 M ) . Recorded in doped film ( 10 wt % in PPF ) . 🙃🙃🙃🙃 Me - DOC; Data of simulation, photophysical and electrochemical properties.
A41: 45 | B41: (10^-9.0) * Meter^(1.0) | C41: λem | D41: https://doi.org/10.1016/j.dyepig.2020.108521 | F41: 496 | G41: COC=1C=CC=2N(C3=CC=CC=C3C2C1)C1=CC=C(C=C1)C1=C(C(=NC(=C1C#N)C)C)C#N | H41: 0 | I41: 496 🙃🙃🙃🙃 Me - MOC 🙃🙃🙃🙃 λem ( nm ) ; electroluminescent peak ; Values at maximum / 100 / 1000 cd m−2 of; Performance of doping devices.
A42: 46 | B42: (10^-9.0) * Meter^(1.0) | C42: λem | D42: https://doi.org/10.1016/j.dyepig.2020.108521 | F42: 516 | G42: COC=1C=CC=2N(C3=CC=C(C=C3C2C1)OC)C1=CC=C(C=C1)C1=C(C(=NC(=C1C#N)C)C)C#N | H42: 0 | I42: 516 🙃🙃🙃🙃 Me - DOC 🙃🙃🙃🙃 λem ( nm ) ; electroluminescent peak ; Values at maximum / 100 / 1000 cd m−2 of; Performance of doping devices.
A43: 48 | B43: (10^-9.0) * Meter^(1.0) | C43: λPL | D43: https://doi.org/10.1016/j.jlumin.2021.118287 | E43: toluene | F43: 494 | G43: S(=O)(=O)(C1=CC=C(C=C1)N1C2=C(C=3C=CC=CC13)N(C=1C=CC=CC12)CC)C1=CC=C(C=C1)N1C2=C(C=3C=CC=CC13)N(C=1C=CC=CC12)CC | H43: 0 | I43: 494 / 512 🙃🙃🙃🙃 DHID - DPS 🙃🙃🙃🙃 λPL ( nm ) sol / film ; Measured in toluene . ; Measured in solid thin film on fused silica substrates .; Photophysical and electrochemical data of DHID-DPS and DHID-DBS.
A44: 49 | B44: (10^-9.0) * Meter^(1.0) | C44: λPL | D44: https://doi.org/10.1016/j.jlumin.2021.118287 | E44: toluene | F44: 532 | G44: C(CCC)N1C2=C(C=3C=CC=CC13)N(C=1C=CC=CC12)C1=CC2=C(S(C3=C2C=C(C=C3)N3C=2C=CC=CC2C=2N(C=4C=CC=CC4C23)CCCC)(=O)=O)C=C1 | H44: 0 | I44: 532 / 530 🙃🙃🙃🙃 DHID - DBS 🙃🙃🙃🙃 λPL ( nm ) sol / film ; Measured in toluene . ; Measured in solid thin film on fused silica substrates .; Photophysical and electrochemical data of DHID-DPS and DHID-DBS.
A45: 50 | B45: (10^-9.0) * Meter^(1.0) | C45: λem | D45: https://doi.org/10.1016/j.dyepig.2024.112233 | E45: toluene | F45: 440 | G45: C(C)(C)(C)C=1C=CC=2N(C3=CC=C(C=C3C2C1)C(C)(C)C)C1=CC=C(C=C1)C1=NC(=NC(=N1)C1=CC=CC=C1)C1=CC=CC=C1 | H45: 0 | I45: 440 / 474 🙃🙃🙃🙃 BuCz - TRZ 🙃🙃🙃🙃 λem / [ nm ] ; Absorption and PL peak wavelengths in toluene solutions at room temperature . ; PL peak wavelengths in 20 wt % - doped DPEPO films at room temperature .; The experimentally determined physical parameters of BuCz-TRZ, CF3P-BuCz-TRZ, PhCz-TRZ and CF3P-PhCz-TRZ.
A46: 51 | B46: (10^-9.0) * Meter^(1.0) | C46: λem | D46: https://doi.org/10.1016/j.dyepig.2024.112233 | E46: toluene | F46: 438 | G46: C(C)(C)(C)C=1C=C(C=2N(C3=CC=C(C=C3C2C1)C(C)(C)C)C1=CC=C(C=C1)C1=NC(=NC(=N1)C1=CC=CC=C1)C1=CC=CC=C1)C1=C(C=CC=C1)C(F)(F)F | H46: 0 | I46: 438 / 453 🙃🙃🙃🙃 CF3P - BuCz - TRZ 🙃🙃🙃🙃 λem / [ nm ] ; Absorption and PL peak wavelengths in toluene solutions at room temperature . ; PL peak wavelengths in 20 wt % - doped DPEPO films at room temperature .; The experimentally determined physical parameters of BuCz-TRZ, CF3P-BuCz-TRZ, PhCz-TRZ and CF3P-PhCz-TRZ.
A47: 52 | B47: (10^-9.0) * Meter^(1.0) | C47: λem | D47: https://doi.org/10.1016/j.dyepig.2024.112233 | E47: toluene | F47: 437 | G47: C1(=CC=CC=C1)C1=NC(=NC(=N1)C1=CC=CC=C1)C1=CC=C(C=C1)N1C2=CC=C(C=C2C=2C=C(C=C(C12)C1=C(C=CC=C1)C(F)(F)F)C1=CC=CC=C1)C1=CC=CC=C1 | H47: 0 | I47: 437 / 456 🙃🙃🙃🙃 CF3P - PhCz - TRZ 🙃🙃🙃🙃 λem / [ nm ] ; Absorption and PL peak wavelengths in toluene solutions at room temperature . ; PL peak wavelengths in 20 wt % - doped DPEPO films at room temperature .; The experimentally determined physical parameters of BuCz-TRZ, CF3P-BuCz-TRZ, PhCz-TRZ and CF3P-PhCz-TRZ.
A48: 53 | B48: (10^-9.0) * Meter^(1.0) | C48: λPL | D48: https://doi.org/10.1016/j.dyepig.2020.108744 | E48: toluene | F48: 561 | G48: C1=CC=CC=2OC3=CC=CC=C3N(C12)C1=CC=C(C(=O)C2=COC3=CC=CC=C3C2=O)C=C1 | H48: 0 | I48: 561 🙃🙃🙃🙃 BZC - PXZ 🙃🙃🙃🙃 λPL [ nm ] ; Measured in toluene at room temperature .; Photophysical and electrochemical properties of BZC-PXZ.
A49: 54 | B49: (10^-9.0) * Meter^(1.0) | C49: λem | D49: https://doi.org/10.1016/j.cej.2020.127748 | E49: DCM | F49: 439 | G49: C1=C(C=CC=2C3=CC=CC=C3C3(C12)C1=CC=CC=C1C=1C=CC=CC13)C1=C3C=CC=CC3=C(C3=CC=CC=C13)C1=CC=C(C#N)C=C1 | H49: 0 | I49: 439 / 451 🙃🙃🙃🙃 SBF - AnCN 🙃🙃🙃🙃 λem ( nm ) 🙃🙃🙃🙃 Solb ) / filmc ); Thermal, photophysical and electrochemical properties of SBF-AnCN, DPF-AnCN and DMF-AnCN.
A50: 55 | B50: (10^-9.0) * Meter^(1.0) | C50: λem | D50: https://doi.org/10.1016/j.cej.2020.127748 | E50: DCM | F50: 440 | G50: C1(=CC=CC=C1)C1(C2=CC=CC=C2C=2C=CC(=CC12)C1=C2C=CC=CC2=C(C2=CC=CC=C12)C1=CC=C(C#N)C=C1)C1=CC=CC=C1 | H50: 0 | I50: 440 / 450 🙃🙃🙃🙃 DPF - AnCN 🙃🙃🙃🙃 λem ( nm ) 🙃🙃🙃🙃 Solb ) / filmc ); Thermal, photophysical and electrochemical properties of SBF-AnCN, DPF-AnCN and DMF-AnCN.
A51: 56 | B51: (10^-9.0) * Meter^(1.0) | C51: λem | D51: https://doi.org/10.1016/j.cej.2020.127748 | E51: DCM | F51: 439 | G51: CC1(C2=CC=CC=C2C=2C=CC(=CC12)C1=C2C=CC=CC2=C(C2=CC=CC=C12)C1=CC=C(C#N)C=C1)C | H51: 0 | I51: 439 / 451 🙃🙃🙃🙃 DMF - AnCN 🙃🙃🙃🙃 λem ( nm ) 🙃🙃🙃🙃 Solb ) / filmc ); Thermal, photophysical and electrochemical properties of SBF-AnCN, DPF-AnCN and DMF-AnCN.
A52: 57 | B52: (10^-9.0) * Meter^(1.0) | C52: PL | D52: https://doi.org/10.1016/j.cej.2022.141061 | E52: toluene | F52: 556 | G52: S1C=CC2=C1C1=NC3=CC(=C(C=C3N=C1C1=C2C=CS1)C1=CC=C(N(C2=CC=CC=C2)C2=CC=CC=C2)C=C1)C1=CC=C(N(C2=CC=CC=C2)C2=CC=CC=C2)C=C1 | H52: 0 | I52: 556 a 616b In toluene ( 10−5 mol / L ) ; b In neat film ; c Absolute PL quantum yield evaluated by using an integrating sphere ; d Estimated according to the 0 – 0 transition of fluorescence and phosphorescence spectra , respectively ; e TD - DFT calculated results ; f Calculated according the onset voltages of redox peaks with the equation of - ( Vonset + 4.78 ) eV . 🙃🙃🙃🙃 oDTPA - DTPZ 🙃🙃🙃🙃 PL ( nm ); Physical properties of oDTPA-DTPZ, oTPAPO-DTPZ, pDTPA-DTPZ and pTPAPO-DTPZ.
A53: 58 | B53: (10^-9.0) * Meter^(1.0) | C53: PL | D53: https://doi.org/10.1016/j.cej.2022.141061 | E53: toluene | F53: 629 | G53: C1(=CC=CC=C1)N(C1=CC=C(C=C1)C1=C(C=C2N=C3C4=C(C5=C(C3=NC2=C1)SC=C5)C=CS4)P(C4=CC=CC=C4)(C4=CC=CC=C4)=O)C4=CC=CC=C4 | H53: 0 | I53: 629 a 671b In toluene ( 10−5 mol / L ) ; b In neat film ; c Absolute PL quantum yield evaluated by using an integrating sphere ; d Estimated according to the 0 – 0 transition of fluorescence and phosphorescence spectra , respectively ; e TD - DFT calculated results ; f Calculated according the onset voltages of redox peaks with the equation of - ( Vonset + 4.78 ) eV . 🙃🙃🙃🙃 oTPAPO - DTPZ 🙃🙃🙃🙃 PL ( nm ); Physical properties of oDTPA-DTPZ, oTPAPO-DTPZ, pDTPA-DTPZ and pTPAPO-DTPZ.
A54: 59 | B54: (10^-9.0) * Meter^(1.0) | C54: PL | D54: https://doi.org/10.1016/j.cej.2022.141061 | E54: toluene | F54: 639 | G54: S1C=CC2=C1C1=NC3=C(C=CC(=C3N=C1C1=C2C=CS1)C1=CC=C(N(C2=CC=CC=C2)C2=CC=CC=C2)C=C1)C1=CC=C(N(C2=CC=CC=C2)C2=CC=CC=C2)C=C1 | H54: 0 | I54: 639 a 675b In toluene ( 10−5 mol / L ) ; b In neat film ; c Absolute PL quantum yield evaluated by using an integrating sphere ; d Estimated according to the 0 – 0 transition of fluorescence and phosphorescence spectra , respectively ; e TD - DFT calculated results ; f Calculated according the onset voltages of redox peaks with the equation of - ( Vonset + 4.78 ) eV . 🙃🙃🙃🙃 pDTPA - DTPZ 🙃🙃🙃🙃 PL ( nm ); Physical properties of oDTPA-DTPZ, oTPAPO-DTPZ, pDTPA-DTPZ and pTPAPO-DTPZ.
... A60: 65 | B60: (10^-9.0) * Meter^(1.0) | C60: λPL,max | D60: https://doi.org/10.1016/j.dyepig.2016.10.029 | E60: THF | F60: 608 | G60: C1(=CC=C(C=C1)C(=O)C1=CC=C(C=C1)N(C1=CC=CC=C1)C1=CC=CC=C1)C(=O)C1=CC=C(C=C1)N(C1=CC=CC=C1)C1=CC=CC=C1 | H60: 0 | I60: 608 / 522 🙃🙃🙃🙃 p - DTPACO 🙃🙃🙃🙃 λPL , max [ nm ] ; Measured in THF solution and film after annealing at 80 °C .; Physical properties of m-DTPACO and p-DTPACO.
A61: 66 | B61: (10^-9.0) * Meter^(1.0) | C61: λemb | D61: https://doi.org/10.1016/j.dyepig.2018.09.072 | F61: 459 | G61: C1=CC=CC=2C3=CC=CC=C3N(C12)C1=C(C=CC=C1)C1=NC(=NC(=N1)C1=CC=CC=C1)C1=CC=C(C=C1)C1=NC(=NC(=N1)C1=C(C=CC=C1)N1C2=CC=CC=C2C=2C=CC=CC12)C1=CC=CC=C1 | H61: 0 | I61: 459 🙃🙃🙃🙃 BTrzCz 🙃🙃🙃🙃 λemb ( nm ); The photophysical properties of the TADF emitters.
A62: 67 | B62: (10^-9.0) * Meter^(1.0) | C62: λemb | D62: https://doi.org/10.1016/j.dyepig.2018.09.072 | F62: 477 | G62: C(C)(C)(C)C=1C=CC=2N(C3=CC=C(C=C3C2C1)C(C)(C)C)C1=C(C=CC=C1)C1=NC(=NC(=N1)C1=CC=CC=C1)C1=CC=C(C=C1)C1=NC(=NC(=N1)C1=C(C=CC=C1)N1C2=CC=C(C=C2C=2C=C(C=CC12)C(C)(C)C)C(C)(C)C)C1=CC=CC=C1 | H62: 0 | I62: 477 🙃🙃🙃🙃 BTrztCz 🙃🙃🙃🙃 λemb ( nm ); The photophysical properties of the TADF emitters.
A63: 68 | B63: (10^-9.0) * Meter^(1.0) | C63: λPL | D63: https://doi.org/10.1016/j.jlumin.2022.118926 | E63: toluene | F63: 407 | G63: C1=CC=CC=2C3=CC=CC=C3N(C12)C1=CC(=C(C=C1)C1=CC2=C3C=CC=CC3=C(C=C2C=2C=CC=CC12)C1=CC=C(C#N)C=C1)C | H63: 0 | I63: 407 / 431 🙃🙃🙃🙃 CCsCN 🙃🙃🙃🙃 λPL ( nm ) sol / film ; Measured in diluted toluene ( 1 × 10−5 M ) . ; Measured as neat film coated on fused silica substrates .; Key photophysical and electrochemical data of CCsCN and CTpCN.
A64: 69 | B64: (10^-9.0) * Meter^(1.0) | C64: λems | D64: https://doi.org/10.1016/j.dyepig.2018.02.018 | F64: 559 | G64: C(C)(C)(C)C=1C=CC=2N(C3=CC=C(C=C3C2C1)C(C)(C)C)C1=CC=2C(C3=CC(=CC=C3N(C2C=C1)C1=CC2=C(S(C3=C2C=C(C=C3)N3C=2C=CC(=CC2C(C2=CC(=CC=C32)N3C2=CC=C(C=C2C=2C=C(C=CC32)C(C)(C)C)C(C)(C)C)(C)C)N3C2=CC=C(C=C2C=2C=C(C=CC32)C(C)(C)C)C(C)(C)C)(=O)=O)C=C1)N1C3=CC=C(C=C3C=3C=C(C=CC13)C(C)(C)C)C(C)(C)C)(C)C | H64: 0 | I64: 559 🙃🙃🙃🙃 1CzAcDBTO 🙃🙃🙃🙃 λems [ nm ] ; Measured in neat film .; The thermal, photophysical and electrochemical data of 1CzAcDBTO and 2CzAcDBTO.
A65: 70 | B65: (10^-9.0) * Meter^(1.0) | C65: λems | D65: https://doi.org/10.1016/j.dyepig.2018.02.018 | F65: 540 | G65: CC1(C2=CC(=CC=C2N(C=2C=CC(=CC12)N1C2=CC=C(C=C2C=2C=C(C=CC12)N1C2=CC=C(C=C2C=2C=C(C=CC12)C(C)(C)C)C(C)(C)C)N1C2=CC=C(C=C2C=2C=C(C=CC12)C(C)(C)C)C(C)(C)C)C1=CC2=C(S(C3=C2C=C(C=C3)N3C=2C=CC(=CC2C(C2=CC(=CC=C32)N3C2=CC=C(C=C2C=2C=C(C=CC32)N3C2=CC=C(C=C2C=2C=C(C=CC32)C(C)(C)C)C(C)(C)C)N3C2=CC=C(C=C2C=2C=C(C=CC32)C(C)(C)C)C(C)(C)C)(C)C)N3C2=CC=C(C=C2C=2C=C(C=CC32)N3C2=CC=C(C=C2C=2C=C(C=CC32)C(C)(C)C)C(C)(C)C)N3C2=CC=C(C=C2C=2C=C(C=CC32)C(C)(C)C)C(C)(C)C)(=O)=O)C=C1)N1C3=CC=C(C=C3C=3C=C(C=CC13)N1C3=CC=C(C=C3C=3C=C(C=CC13)C(C)(C)C)C(C)(C)C)N1C3=CC=C(C=C3C=3C=C(C=CC13)C(C)(C)C)C(C)(C)C)C | H65: 0 | I65: 540 🙃🙃🙃🙃 2CzAcDBTO 🙃🙃🙃🙃 λems [ nm ] ; Measured in neat film .; The thermal, photophysical and electrochemical data of 1CzAcDBTO and 2CzAcDBTO.
A66: 71 | B66: (10^-9.0) * Meter^(1.0) | C66: PL | D66: https://doi.org/10.1016/j.orgel.2022.106450 | E66: toluene | F66: 389 | G66: C1=CC=CC=2C3=CC=CC=C3N(C12)C1=C(C=CC=C1)C1=C(C=CC=C1)N1C2=CC=CC=C2C=2C=CC=CC12 | H66: 0 | I66: 389 🙃🙃🙃🙃 oCBP 🙃🙃🙃🙃 PL ( nm ) ( ) ; Wavelength of PL Max .; Photophysical and electrochemical properties of oCBP, 2N-oCBP, 4N-oCBP, and TCZ-Trz.
A67: 72 | B67: (10^-9.0) * Meter^(1.0) | C67: PL | D67: https://doi.org/10.1016/j.orgel.2022.106450 | E67: toluene | F67: 403 | G67: C1=CC=CC=2C3=CC=CC=C3N(C12)C1=C(C=CC=C1)C=1C=NC=CC1N1C2=CC=CC=C2C=2C=CC=CC12 | H67: 0 | I67: 403 🙃🙃🙃🙃 4N - oCBP 🙃🙃🙃🙃 PL ( nm ) ( ) ; Wavelength of PL Max .; Photophysical and electrochemical properties of oCBP, 2N-oCBP, 4N-oCBP, and TCZ-Trz.
A68: 73 | B68: (10^-9.0) * Meter^(1.0) | C68: PL | D68: https://doi.org/10.1016/j.orgel.2022.106450 | E68: toluene | F68: 467 | G68: C1=CC=CC=2C3=CC=CC=C3N(C12)C1=C(C=CC=C1)C1=NC(=NC(=N1)C1=C(C=CC=C1)N1C2=CC=CC=C2C=2C=CC=CC12)C1=C(C=CC=C1)N1C2=CC=CC=C2C=2C=CC=CC12 | H68: 0 | I68: 467 🙃🙃🙃🙃 TCz - Trz 🙃🙃🙃🙃 PL ( nm ) ( ) ; Wavelength of PL Max .; Photophysical and electrochemical properties of oCBP, 2N-oCBP, 4N-oCBP, and TCZ-Trz.
A69: 74 | B69: (10^-9.0) * Meter^(1.0) | C69: λem | D69: https://doi.org/10.1016/j.cej.2021.129097 | F69: 404 | G69: C(C)(C)(C)C=1C=CC=2N(C3=CC=C(C=C3C2C1)C(C)(C)C)C1=C(C#N)C=CC=C1 | H69: 0 | I69: 404 🙃🙃🙃🙃 CzBN 🙃🙃🙃🙃 λem ( nm ) , ( film ) b; Photophysical, electrochemical and thermal properties of the compounds.
A70: 75 | B70: (10^-9.0) * Meter^(1.0) | C70: λem | D70: https://doi.org/10.1016/j.cej.2021.129097 | F70: 430 | G70: C(C)(C)(C)C=1C=CC=2N(C3=CC=C(C=C3C2C1)C(C)(C)C)C1=C(C#N)C(=CC=C1)N1C2=CC=C(C=C2C=2C=C(C=CC12)C(C)(C)C)C(C)(C)C | H70: 0 | I70: 430 🙃🙃🙃🙃 2CzBN 🙃🙃🙃🙃 λem ( nm ) , ( film ) b; Photophysical, electrochemical and thermal properties of the compounds.
A71: 76 | B71: (10^-9.0) * Meter^(1.0) | C71: λem | D71: https://doi.org/10.1016/j.cej.2021.129097 | F71: 454 | G71: C(C)(C)(C)C=1C=CC=2N(C3=CC=C(C=C3C2C1)C(C)(C)C)C1=C(C=CC(=C1C#N)N1C2=CC=C(C=C2C=2C=C(C=CC12)C(C)(C)C)C(C)(C)C)C1=C(C(=CC=C1)C#N)N1C2=CC=C(C=C2C=2C=C(C=CC12)C(C)(C)C)C(C)(C)C | H71: 0 | I71: 454 🙃🙃🙃🙃 3Cz2BN 🙃🙃🙃🙃 λem ( nm ) , ( film ) b; Photophysical, electrochemical and thermal properties of the compounds.
A72: 77 | B72: (10^-9.0) * Meter^(1.0) | C72: λPL | D72: https://doi.org/10.1016/j.dyepig.2017.03.032 | E72: THF | F72: 425 | G72: C1(=CC=CC2=CC=CC=C12)C1=NC2=C(N1C1=CC=CC=C1)C1=CC=CC=C1C=1C=CC=CC12 | H72: 0 | I72: 425 🙃🙃🙃🙃 1 🙃🙃🙃🙃 λPL ( nm ) ; Emission peak in neat film .; Key physical properties of 1−3.
A73: 78 | B73: (10^-9.0) * Meter^(1.0) | C73: λPL | D73: https://doi.org/10.1016/j.dyepig.2017.03.032 | E73: THF | F73: 446 | G73: C1(=CC=CC2=CC=CC=C12)C1=NC2=C(N1C1=CC=CC=C1)C1=CC=CC=C1C=1C=CC=CC12 | H73: 0 | I73: 446 🙃🙃🙃🙃 2 🙃🙃🙃🙃 λPL ( nm ) ; Emission peak in neat film .; Key physical properties of 1−3.
A74: 79 | B74: (10^-9.0) * Meter^(1.0) | C74: PL | D74: https://doi.org/10.1016/j.dyepig.2024.112118 | E74: Toluene | F74: 371 | G74: C1=C(C=CC=2SC3=C(C21)C=CC=C3)N3C2=CC=CC=C2C=2C=CC=CC32 | H74: 0 | I74: 371 🙃🙃🙃🙃 Cz - DBT 🙃🙃🙃🙃 PL ( nm ) 🙃🙃🙃🙃 Sol . ; Toluene .; Photophysical and electrochemical properties of host materials Cz-DBT, AdCz-DBT, and tPDBA.
A75: 80 | B75: (10^-9.0) * Meter^(1.0) | C75: PL | D75: https://doi.org/10.1016/j.dyepig.2024.112118 | E75: Toluene | F75: 376 | G75: C1=C(C=CC=2SC3=C(C21)C=CC=C3)N3C2=CC=CC=C2C=2C=CC=CC32 | H75: 0 | I75: 376 🙃🙃🙃🙃 Cz - DBT 🙃🙃🙃🙃 PL ( nm ) 🙃🙃🙃🙃 film; Photophysical and electrochemical properties of host materials Cz-DBT, AdCz-DBT, and tPDBA.
A76: 81 | B76: (10^-9.0) * Meter^(1.0) | C76: PL | D76: https://doi.org/10.1016/j.dyepig.2024.112118 | E76: Toluene | F76: 371 | G76: C12(CC3CC(CC(C1)C3)C2)C=2C=CC=3N(C1=CC=CC=C1C3C2)C2=CC3=C(SC1=C3C=CC=C1)C=C2 | H76: 0 | I76: 371 🙃🙃🙃🙃 AdCz - DBT 🙃🙃🙃🙃 PL ( nm ) 🙃🙃🙃🙃 Sol . ; Toluene .; Photophysical and electrochemical properties of host materials Cz-DBT, AdCz-DBT, and tPDBA.
A77: 82 | B77: (10^-9.0) * Meter^(1.0) | C77: PL | D77: https://doi.org/10.1016/j.dyepig.2024.112118 | E77: Toluene | F77: 375 | G77: C12(CC3CC(CC(C1)C3)C2)C=2C=CC=3N(C1=CC=CC=C1C3C2)C2=CC3=C(SC1=C3C=CC=C1)C=C2 | H77: 0 | I77: 375 🙃🙃🙃🙃 AdCz - DBT 🙃🙃🙃🙃 PL ( nm ) 🙃🙃🙃🙃 film; Photophysical and electrochemical properties of host materials Cz-DBT, AdCz-DBT, and tPDBA.
A78: 83 | B78: (10^-9.0) * Meter^(1.0) | C78: PL | D78: https://doi.org/10.1016/j.dyepig.2024.112118 | E78: Toluene | F78: 404 | G78: C(C)(C)(C)C1=CC=C(C=C1)C=1C=C2OC=3C=CC=CC3B3C2=C(C1)OC=1C=CC=CC13 | H78: 0 | I78: 404 🙃🙃🙃🙃 tPDBA 🙃🙃🙃🙃 PL ( nm ) 🙃🙃🙃🙃 Sol . ; Toluene .; Photophysical and electrochemical properties of host materials Cz-DBT, AdCz-DBT, and tPDBA.
A79: 84 | B79: (10^-9.0) * Meter^(1.0) | C79: PL | D79: https://doi.org/10.1016/j.dyepig.2024.112118 | E79: Toluene | F79: 413 | G79: C(C)(C)(C)C1=CC=C(C=C1)C=1C=C2OC=3C=CC=CC3B3C2=C(C1)OC=1C=CC=CC13 | H79: 0 | I79: 413 🙃🙃🙃🙃 tPDBA 🙃🙃🙃🙃 PL ( nm ) 🙃🙃🙃🙃 film; Photophysical and electrochemical properties of host materials Cz-DBT, AdCz-DBT, and tPDBA.
A80: 85 | B80: (10^-9.0) * Meter^(1.0) | C80: PL | D80: https://doi.org/10.1016/j.dyepig.2024.112118 | E80: Toluene | F80: 445 | G80: C1=C(C=CC=2SC3=C(C21)C=CC=C3)N3C2=CC=CC=C2C=2C=CC=CC32 | H80: 0 | I80: 445 🙃🙃🙃🙃 Cz - DBT : tPDBA 🙃🙃🙃🙃 PL ( nm ) 🙃🙃🙃🙃 film; Photophysical and electrochemical properties of host materials Cz-DBT, AdCz-DBT, and tPDBA.
A81: 86 | B81: (10^-9.0) * Meter^(1.0) | C81: PL | D81: https://doi.org/10.1016/j.dyepig.2024.112118 | E81: Toluene | F81: 447 | G81: C12(CC3CC(CC(C1)C3)C2)C=2C=CC=3N(C1=CC=CC=C1C3C2)C2=CC3=C(SC1=C3C=CC=C1)C=C2 | H81: 0 | I81: 447 🙃🙃🙃🙃 AdCz - DBT : tPDBA 🙃🙃🙃🙃 PL ( nm ) 🙃🙃🙃🙃 film; Photophysical and electrochemical properties of host materials Cz-DBT, AdCz-DBT, and tPDBA.
A82: 87 | B82: (10^-9.0) * Meter^(1.0) | C82: λem | D82: https://doi.org/10.1016/j.cej.2021.131510 | F82: 592 | G82: C1(=CC=CC=C1)N(C1=CC=C(C=C1)C=1C(=CC=2N=C3C(=NC2C1)C1=CC=CC=C1C3=O)C3=CC=C(C=C3)N(C3=CC=CC=C3)C3=CC=CC=C3)C3=CC=CC=C3 | H82: 0 | I82: 592 🙃🙃🙃🙃 1 % IQ - oTPA 🙃🙃🙃🙃 λem [ nm ] b ; At the current density of 1 mA cm−2 .; EL performance of the investigated emitters with CBP as host.
A83: 88 | B83: (10^-9.0) * Meter^(1.0) | C83: λem | D83: https://doi.org/10.1016/j.cej.2021.131510 | F83: 604 | G83: C1(=CC=CC=C1)N(C1=CC=C(C=C1)C=1C(=CC=2N=C3C(=NC2C1)C1=CC=CC=C1C3=O)C3=CC=C(C=C3)N(C3=CC=CC=C3)C3=CC=CC=C3)C3=CC=CC=C3 | H83: 0 | I83: 604 🙃🙃🙃🙃 3 % IQ - oTPA 🙃🙃🙃🙃 λem [ nm ] b ; At the current density of 1 mA cm−2 .; EL performance of the investigated emitters with CBP as host.
A84: 89 | B84: (10^-9.0) * Meter^(1.0) | C84: λem | D84: https://doi.org/10.1016/j.cej.2021.131510 | F84: 630 | G84: C1(=CC=CC=C1)N(C1=CC=C(C=C1)C1=CC=C(C=2N=C3C(=NC12)C1=CC=CC=C1C3=O)C3=CC=C(C=C3)N(C3=CC=CC=C3)C3=CC=CC=C3)C3=CC=CC=C3 | H84: 0 | I84: 630 🙃🙃🙃🙃 1 % IQ - pTPA 🙃🙃🙃🙃 λem [ nm ] b ; At the current density of 1 mA cm−2 .; EL performance of the investigated emitters with CBP as host.
A85: 90 | B85: (10^-9.0) * Meter^(1.0) | C85: λem | D85: https://doi.org/10.1016/j.cej.2021.131510 | F85: 642 | G85: C1(=CC=CC=C1)N(C1=CC=C(C=C1)C1=CC=C(C=2N=C3C(=NC12)C1=CC=CC=C1C3=O)C3=CC=C(C=C3)N(C3=CC=CC=C3)C3=CC=CC=C3)C3=CC=CC=C3 | H85: 0 | I85: 642 🙃🙃🙃🙃 3 % IQ - pTPA 🙃🙃🙃🙃 λem [ nm ] b ; At the current density of 1 mA cm−2 .; EL performance of the investigated emitters with CBP as host.
A86: 91 | B86: (10^-9.0) * Meter^(1.0) | C86: λema | D86: https://doi.org/10.1016/j.cej.2023.146326 | F86: 500 | G86: C1=CC=CC=2C3=CC=CC=C3N(C12)C=1C=C(C=C(C1)N1C2=CC=CC=C2C=2C=CC=CC12)S(=O)(=O)C=1C=C(C=C(C1)N1C=2C=CC=CC2C(C2=CC=CC=C12)(C)C)N1C=2C=CC=CC2C(C2=CC=CC=C12)(C)C | H86: 0 | I86: 500 🙃🙃🙃🙃 BCZ - DPS - BAD 🙃🙃🙃🙃 λema ( nm ); Steady-state photophysical properties of BCZ-DPS-BAD.
A87: 92 | B87: (10^-9.0) * Meter^(1.0) | C87: λemb | D87: https://doi.org/10.1016/j.cej.2023.146326 | F87: 516 | G87: C1=CC=CC=2C3=CC=CC=C3N(C12)C=1C=C(C=C(C1)N1C2=CC=CC=C2C=2C=CC=CC12)S(=O)(=O)C=1C=C(C=C(C1)N1C=2C=CC=CC2C(C2=CC=CC=C12)(C)C)N1C=2C=CC=CC2C(C2=CC=CC=C12)(C)C | H87: 0 | I87: 516 🙃🙃🙃🙃 BCZ - DPS - BAD 🙃🙃🙃🙃 λemb ( nm ); Steady-state photophysical properties of BCZ-DPS-BAD.
A88: 93 | B88: (10^-9.0) * Meter^(1.0) | C88: λPL | D88: https://doi.org/10.1016/j.dyepig.2022.110634 | E88: toluene | F88: 516 | G88: C1=CC=CC=2C3=CC=CC=C3N(C12)C=1C=C2N=C3C4=C(C5=C(C3=NC2=CC1N1C2=CC=CC=C2C=2C=CC=CC12)C=CC=N5)N=CC=C4 | H88: 0 | I88: 516 🙃🙃🙃🙃 DCz - DPPZ 🙃🙃🙃🙃 λPL ( nm ) ; Measured in dilute toluene solution .; The thermal, electrochemical and photophysical properties of DCz-DPPZ and DDPhCz-DPPZ.
A89: 94 | B89: (10^-9.0) * Meter^(1.0) | C89: λPL | D89: https://doi.org/10.1016/j.dyepig.2022.110634 | E89: toluene | F89: 555 | G89: C1=CC=CC=2C3=CC=CC=C3N(C12)C=1C=C2N=C3C4=C(C5=C(C3=NC2=CC1N1C2=CC=CC=C2C=2C=CC=CC12)C=CC=N5)N=CC=C4 | H89: 0 | I89: 555 🙃🙃🙃🙃 DCz - DPPZ 🙃🙃🙃🙃 λPL ( nm ) ; Measured in 10 wt % emitter : CBP doped film .; The thermal, electrochemical and photophysical properties of DCz-DPPZ and DDPhCz-DPPZ.
A90: 95 | B90: (10^-9.0) * Meter^(1.0) | C90: λPL | D90: https://doi.org/10.1016/j.dyepig.2022.110634 | E90: toluene | F90: 555 | G90: C1(=CC=CC=C1)C=1C=CC=2N(C3=CC=C(C=C3C2C1)C1=CC=CC=C1)C=1C=C2N=C3C4=C(C5=C(C3=NC2=CC1N1C2=CC=C(C=C2C=2C=C(C=CC12)C1=CC=CC=C1)C1=CC=CC=C1)C=CC=N5)N=CC=C4 | H90: 0 | I90: 555 🙃🙃🙃🙃 DDPhCz - DPPZ 🙃🙃🙃🙃 λPL ( nm ) ; Measured in dilute toluene solution .; The thermal, electrochemical and photophysical properties of DCz-DPPZ and DDPhCz-DPPZ.
A91: 96 | B91: (10^-9.0) * Meter^(1.0) | C91: λPL | D91: https://doi.org/10.1016/j.dyepig.2022.110634 | E91: toluene | F91: 566 | G91: C1(=CC=CC=C1)C=1C=CC=2N(C3=CC=C(C=C3C2C1)C1=CC=CC=C1)C=1C=C2N=C3C4=C(C5=C(C3=NC2=CC1N1C2=CC=C(C=C2C=2C=C(C=CC12)C1=CC=CC=C1)C1=CC=CC=C1)C=CC=N5)N=CC=C4 | H91: 0 | I91: 566 🙃🙃🙃🙃 DDPhCz - DPPZ 🙃🙃🙃🙃 λPL ( nm ) ; Measured in 10 wt % emitter : CBP doped film .; The thermal, electrochemical and photophysical properties of DCz-DPPZ and DDPhCz-DPPZ.
A92: 97 | B92: (10^-9.0) * Meter^(1.0) | C92: λem | D92: https://doi.org/10.1016/j.dyepig.2016.12.037 | E92: toluene | F92: 487 | G92: C1(=CC=CC=C1)N1C2=CC=CC=C2C=2C=C(C=CC12)C1=CC=2S(C3=CC=CC=C3S(C2C=C1)(=O)=O)(=O)=O | H92: 0 | I92: 487 🙃🙃🙃🙃 PhCzDSO2 🙃🙃🙃🙃 λem [ nm ] ; Measured in thin film .; Thermal, photophysical, and electrochemical properties of these compounds.
A93: 98 | B93: (10^-9.0) * Meter^(1.0) | C93: λem | D93: https://doi.org/10.1016/j.dyepig.2016.12.037 | E93: toluene | F93: 501 | G93: C1=CC=CC=2C3=CC=CC=C3N(C12)C1=CC=C(C=C1)C1=CC=2S(C3=CC=CC=C3S(C2C=C1)(=O)=O)(=O)=O | H93: 0 | I93: 501 🙃🙃🙃🙃 CzPhDSO2 🙃🙃🙃🙃 λem [ nm ] ; Measured in thin film .; Thermal, photophysical, and electrochemical properties of these compounds.
A94: 99 | B94: (10^-9.0) * Meter^(1.0) | C94: λem | D94: https://doi.org/10.1016/j.dyepig.2016.12.037 | E94: toluene | F94: 558 | G94: C1(=CC=CC=C1)N(C1=CC=C(C=C1)C1=CC=2S(C3=CC=CC=C3S(C2C=C1)(=O)=O)(=O)=O)C1=CC=CC=C1 | H94: 0 | I94: 558 🙃🙃🙃🙃 TPADSO2 🙃🙃🙃🙃 λem [ nm ] ; Measured in thin film .; Thermal, photophysical, and electrochemical properties of these compounds.
A95: 100 | B95: (10^-9.0) * Meter^(1.0) | C95: λem | D95: https://doi.org/10.1016/j.dyepig.2016.12.037 | E95: toluene | F95: 610 | G95: COC1=CC=C(C=C1)N(C1=CC=C(C=C1)C1=CC=2S(C3=CC=CC=C3S(C2C=C1)(=O)=O)(=O)=O)C1=CC=C(C=C1)OC | H95: 0 | I95: 610 🙃🙃🙃🙃 MOTPADSO2 🙃🙃🙃🙃 λem [ nm ] ; Measured in thin film .; Thermal, photophysical, and electrochemical properties of these compounds.
A96: 101 | B96: (10^-9.0) * Meter^(1.0) | C96: λFl,max | D96: https://doi.org/10.1016/j.dyepig.2017.02.035 | E96: toluene | F96: 603 | G96: C1(=CC=CC=C1)C1=NC2=C(C=CC(=C2N=C1C1=CC=CC=C1)N1C=2C=CC=CC2C(C2=CC=CC=C12)(C)C)N1C=2C=CC=CC2C(C2=CC=CC=C12)(C)C | H96: 0 | I96: 603 🙃🙃🙃🙃 BDQDMAC 🙃🙃🙃🙃 λFl , max [ nm ] ; Measured in film .; Thermal, photophysical, and electrochemical data of all compounds.
A97: 103 | B97: (10^-9.0) * Meter^(1.0) | C97: λFl,max | D97: https://doi.org/10.1016/j.dyepig.2017.02.035 | E97: toluene | F97: 537 | G97: C1(=CC=CC=C1)C1=NC2=C(C=CC(=C2N=C1C1=CC=CC=C1)N1C2=CC=CC=C2C=2C=CC=CC12)N1C2=CC=CC=C2C=2C=CC=CC12 | H97: 0 | I97: 537 🙃🙃🙃🙃 BDQCz 🙃🙃🙃🙃 λFl , max [ nm ] ; Measured in film .; Thermal, photophysical, and electrochemical data of all compounds.
A98: 104 | B98: (10^-9.0) * Meter^(1.0) | C98: λFl,max | D98: https://doi.org/10.1016/j.dyepig.2017.02.035 | E98: toluene | F98: 502 | G98: C1(=CC=CC=C1)C1=NC2=C(C=CC(=C2N=C1C1=CC=CC=C1)C1=CC=C(C=C1)N1C2=CC=CC=C2C=2C=CC=CC12)C1=CC=C(C=C1)N1C2=CC=CC=C2C=2C=CC=CC12 | H98: 0 | I98: 502 🙃🙃🙃🙃 BDQPCz 🙃🙃🙃🙃 λFl , max [ nm ] ; Measured in film .; Thermal, photophysical, and electrochemical data of all compounds.
A99: 105 | B99: (10^-9.0) * Meter^(1.0) | C99: λem | D99: https://doi.org/10.1016/j.cej.2021.133221 | E99: toluene | F99: 454 | G99: C(C)(C)(C)C=1C=CC=2N(C=3C=C(C=C4N(C=5C=CC(=CC5B(C34)C2C1)C(C)(C)C)C1=CC=C(C=C1)C(C)(C)C)N1C=2C=CC=CC2C(C2=CC=CC=C12)(C1=CC=CC=C1)C1=CC=CC=C1)C1=CC=C(C=C1)C(C)(C)C | H99: 0 | I99: 454 / 460 🙃🙃🙃🙃 tDPAC - BN 🙃🙃🙃🙃 λem ( nm ) solution b / film c ; The peak wavelength of the lowest - energy absorption band and the peak wavelength of the PL spectrum in toluene . ; The PL peak wavelength of 1 wt % emitter : 30 wt % DMAC - DPS : DPEPO film .; Photophysical, electrochemical, and thermal analysis data of tDPAC-BN and tDMAC-BN.
... A117: 123 | B117: (10^-9.0) * Meter^(1.0) | C117: λPL | D117: https://doi.org/10.1016/j.orgel.2024.107159 | E117: DMAC | F117: 515 | G117: C1(=CC=CC=C1)C1=NC(=CC(=N1)C1=CC(=CC(=C1)C1=CC=NC=C1)C1=CC=NC=C1)C1=CC(=CC(=C1)C1=CC=NC=C1)C1=CC=NC=C1 | H117: 0 | I117: 515 🙃🙃🙃🙃 26DCzPPy : TCTA : B4PYMPM 🙃🙃🙃🙃 λPL ( nm ); Summary of the photophysical data and device performance of ternary exciplexes with multiple RISC channels.
A118: 124 | B118: (10^-9.0) * Meter^(1.0) | C118: λPL | D118: https://doi.org/10.1016/j.orgel.2024.107159 | F118: 487 | G118: C1(=CC=CC=C1)C1=NC(=NC(=N1)C1=CC=CC=C1)C1=CC=C(OC2=CC=C(C=C2)N2C=3C=CC=CC3C(C3=CC=CC=C23)(C)C)C=C1 | H118: 0 | I118: 487 🙃🙃🙃🙃 DMAC - o - TRZ 🙃🙃🙃🙃 λPL ( nm ); Summary of the photophysical data and device performance of single molecule-based exciplexes with multiple RISC channels.
A119: 125 | B119: (10^-9.0) * Meter^(1.0) | C119: λem | D119: https://doi.org/10.1016/j.dyepig.2019.03.016 | E119: toluene | F119: 462 | G119: COC1=CC=C(C=C1)C=1C=CC=2N(C3=CC=C(C=C3C2C1)C1=CC=C(C=C1)OC)C1=CC=C(C=C1)C(=O)C1=CC2=C(SC3=C2C=CC=C3)C=C1 | H119: 0 | I119: 462 🙃🙃🙃🙃 MCZ - B - DTM 🙃🙃🙃🙃 λem [ nm ] ; Measured in thin films doped in mCP .; Thermal and photophysical properties.
A120: 126 | B120: (10^-9.0) * Meter^(1.0) | C120: λem | D120: https://doi.org/10.1016/j.dyepig.2019.03.016 | E120: toluene | F120: 493 | G120: COC1=CC=C(C=C1)C=1C=CC=2N(C3=CC=C(C=C3C2C1)C1=CC=C(C=C1)OC)C1=CC=C(C=N1)C(=O)C1=CC2=C(SC3=C2C=CC=C3)C=C1 | H120: 0 | I120: 493 🙃🙃🙃🙃 MCZ - P2 - DTM 🙃🙃🙃🙃 λem [ nm ] ; Measured in thin films doped in mCP .; Thermal and photophysical properties.
A121: 127 | B121: (10^-9.0) * Meter^(1.0) | C121: λem | D121: https://doi.org/10.1016/j.dyepig.2019.03.016 | E121: toluene | F121: 484 | G121: COC1=CC=C(C=C1)C=1C=CC=2N(C3=CC=C(C=C3C2C1)C1=CC=C(C=C1)OC)C=1C=CC(=NC1)C(=O)C1=CC2=C(SC3=C2C=CC=C3)C=C1 | H121: 0 | I121: 484 🙃🙃🙃🙃 MCZ - P3 - DTM 🙃🙃🙃🙃 λem [ nm ] ; Measured in thin films doped in mCP .; Thermal and photophysical properties.
A122: 128 | B122: (10^-9.0) * Meter^(1.0) | C122: λem | D122: https://doi.org/10.1016/j.dyepig.2019.03.016 | F122: 467 | G122: COC1=CC=C(C=C1)C=1C=CC=2N(C3=CC=C(C=C3C2C1)C1=CC=C(C=C1)OC)C1=CC=C(C=C1)C(=O)C1=CC2=C(SC3=C2C=CC=C3)C=C1 | H122: 0 | I122: 467 🙃🙃🙃🙃 MCZ - B - DTM 🙃🙃🙃🙃 λem [ nm ] ; The maximum emission recorded at 5 V .; Electroluminescence characteristics of the devices.
...

Sheet 1_drop_film
A1: _id | B1: units | C1: specifier | D1: doi | E1: solvent | F1: standard_value | G1: smiles | H1: corrected | I1: context | J1: url | K1: lowered context | L1: contain
A2: 0 | B2: (10^-9.0) * Meter^(1.0) | C2: λema | D2: https://doi.org/10.1016/j.cej.2022.135775 | E2: toluene | F2: 638 | G2: N1=CC=C(C=C1)C=1C=C2N=C3C(=NC2=CC1C1=CC=NC=C1)C=1C=CC(=C2C=CC=C3C12)N1C2=CC=CC=C2OC=2C=CC=CC12 | H2: 1 | I2: 638 🙃🙃🙃🙃 pDPAPQ - PXZ 🙃🙃🙃🙃 λema [ nm ]; Summary of the photophysical properties of pDPAPQ-PXZ and pDPBPZ-PXZ. | J2: =HYPERLINK($D2, "link") -> link | K2: =LOWER($I2) -> 638 🙃🙃🙃🙃 pdpapq - pxz 🙃🙃🙃🙃 λema [ nm ]; summary of the photophysical properties of pdpapq-pxz and pdpbpz-pxz. | L2: {=OR(ISNUMBER(SEARCH('0_origin'!$O$2:$O$15, K2)))} -> FALSE
A3: 1 | B3: (10^-9.0) * Meter^(1.0) | C3: λema | D3: https://doi.org/10.1016/j.cej.2022.135775 | E3: toluene | F3: 639 | G3: N1=CC=C(C=C1)C=1C=C2N=C3C4=C(C5=C(C3=NC2=CC1C1=CC=NC=C1)C=CC(=C5)N5C1=CC=CC=C1OC=1C=CC=CC51)C=CC=C4 | H3: 1 | I3: 639 🙃🙃🙃🙃 pDPBPZ - PXZ 🙃🙃🙃🙃 λema [ nm ]; Summary of the photophysical properties of pDPAPQ-PXZ and pDPBPZ-PXZ. | J3: =HYPERLINK($D3, "link") -> link | K3: =LOWER($I3) -> 639 🙃🙃🙃🙃 pdpbpz - pxz 🙃🙃🙃🙃 λema [ nm ]; summary of the photophysical properties of pdpapq-pxz and pdpbpz-pxz. | L3: {=OR(ISNUMBER(SEARCH('0_origin'!$O$2:$O$15, K3)))} -> FALSE
A4: 2 | B4: (10^-9.0) * Meter^(1.0) | C4: λem | D4: https://doi.org/10.1016/j.dyepig.2023.111250 | E4: toluene | F4: 465 | G4: C1(=CC=CC=C1)C1=NC(=NC(=N1)C1=CC=CC=C1)C1=C(C=CC=C1)N1C2=CC=CC=C2C=2C=CC=CC12 | H4: 1 | I4: 402 🙃🙃🙃🙃 oCzTrz 🙃🙃🙃🙃 λem ( nm ) ; Wavelength of the singlet emission at the onset position .; Summary of the electrochemical and photophysical properties of oCzTrz and PhoCzTrz. | J4: =HYPERLINK($D4, "link") -> link | K4: =LOWER($I4) -> 402 🙃🙃🙃🙃 ocztrz 🙃🙃🙃🙃 λem ( nm ) ; wavelength of the singlet emission at the onset position .; summary of the electrochemical and photophysical properties of ocztrz and phocztrz. | L4: {=OR(ISNUMBER(SEARCH('0_origin'!$O$2:$O$15, K4)))} -> FALSE
A5: 4 | B5: (10^-9.0) * Meter^(1.0) | C5: λPL | D5: https://doi.org/10.1016/j.jphotochem.2024.116046 | E5: toluene | F5: 440 | G5: C(C)(C)(C)C=1C=CC=2N(C3=CC=C(C=C3C2C1)C(C)(C)C)CCCCCCCCC1(C2=CC=CC=C2C=2C=CC(=CC12)C1=C2C=CC=CC2=C(C2=CC=CC=C12)C1=CC=C(C#N)C=C1)CCCCCCCCN1C2=CC=C(C=C2C=2C=C(C=CC12)C(C)(C)C)C(C)(C)C | H5: 0 | I5: 440 / 449 🙃🙃🙃🙃 FAnCN 🙃🙃🙃🙃 λPL ( nm ) sola / filmb; The physical and photophysical data of the emitters. | J5: =HYPERLINK($D5, "link") -> link | K5: =LOWER($I5) -> 440 / 449 🙃🙃🙃🙃 fancn 🙃🙃🙃🙃 λpl ( nm ) sola / filmb; the physical and photophysical data of the emitters. | L5: {=OR(ISNUMBER(SEARCH('0_origin'!$O$2:$O$15, K5)))} -> FALSE
A6: 5 | B6: (10^-9.0) * Meter^(1.0) | C6: λPL | D6: https://doi.org/10.1016/j.jphotochem.2024.116046 | E6: toluene | F6: 424 | G6: C(C)(C)(C)C=1C=CC=2N(C3=CC=C(C=C3C2C1)C(C)(C)C)CCCCCCCCC1(C2=CC=CC=C2C=2C=CC(=CC12)C1=CC2=C3C=CC=CC3=C(C=C2C=2C=CC=CC12)C1=CC=C(C#N)C=C1)CCCCCCCCN1C2=CC=C(C=C2C=2C=C(C=CC12)C(C)(C)C)C(C)(C)C | H6: 0 | I6: 424 / 439 🙃🙃🙃🙃 FCsCN 🙃🙃🙃🙃 λPL ( nm ) sola / filmb; The physical and photophysical data of the emitters. | J6: =HYPERLINK($D6, "link") -> link | K6: =LOWER($I6) -> 424 / 439 🙃🙃🙃🙃 fcscn 🙃🙃🙃🙃 λpl ( nm ) sola / filmb; the physical and photophysical data of the emitters. | L6: {=OR(ISNUMBER(SEARCH('0_origin'!$O$2:$O$15, K6)))} -> FALSE
A7: 6 | B7: (10^-9.0) * Meter^(1.0) | C7: λem | D7: https://doi.org/10.1016/j.dyepig.2021.109649 | E7: toluene | F7: 536 | G7: CC1(C2=CC=CC=C2N(C=2C=CC=CC12)C1=CC=C(C=C1)C(=O)C1=CC=C(C=C1)SC1=CC=CC=C1)C | H7: 0 | I7: 536 🙃🙃🙃🙃 PT - BZ - DMAC 🙃🙃🙃🙃 λem [ nm ] ; Absorption and PL peak wavelengths in dilute toluene solutions at RT .; Summary of physical parameters of PT-BZ-DMAC and PS-BZ-DMAC. | J7: =HYPERLINK($D7, "link") -> link | K7: =LOWER($I7) -> 536 🙃🙃🙃🙃 pt - bz - dmac 🙃🙃🙃🙃 λem [ nm ] ; absorption and pl peak wavelengths in dilute toluene solutions at rt .; summary of physical parameters of pt-bz-dmac and ps-bz-dmac. | L7: {=OR(ISNUMBER(SEARCH('0_origin'!$O$2:$O$15, K7)))} -> TRUE
A8: 7 | B8: (10^-9.0) * Meter^(1.0) | C8: λem | D8: https://doi.org/10.1016/j.dyepig.2021.109649 | E8: toluene | F8: 574 | G8: CC1(C2=CC=CC=C2N(C=2C=CC=CC12)C1=CC=C(C=C1)C(=O)C1=CC=C(C=C1)S(=O)(=O)C1=CC=CC=C1)C | H8: 0 | I8: 574 🙃🙃🙃🙃 PS - BZ - DMAC 🙃🙃🙃🙃 λem [ nm ] ; Absorption and PL peak wavelengths in dilute toluene solutions at RT .; Summary of physical parameters of PT-BZ-DMAC and PS-BZ-DMAC. | J8: =HYPERLINK($D8, "link") -> link | K8: =LOWER($I8) -> 574 🙃🙃🙃🙃 ps - bz - dmac 🙃🙃🙃🙃 λem [ nm ] ; absorption and pl peak wavelengths in dilute toluene solutions at rt .; summary of physical parameters of pt-bz-dmac and ps-bz-dmac. | L8: {=OR(ISNUMBER(SEARCH('0_origin'!$O$2:$O$15, K8)))} -> TRUE
A9: 8 | B9: (10^-9.0) * Meter^(1.0) | C9: λPL | D9: https://doi.org/10.1016/j.jlumin.2021.118683 | E9: toluene | F9: 654 | G9: C(C)(C)C1=C(C(=CC=C1)C(C)C)N1C(C2=CC(=CC=3C2=C(C1=O)C=C(C3)N3C=1C=CC=CC1C(C1=CC=CC=C31)(C)C)N3C=1C=CC=CC1C(C1=CC=CC=C31)(C)C)=O | H9: 0 | I9: 654 / 646 / 618 Measured in toluene solutions ( 1 × 10−5 M ) . Measured in neat film . Measured in doped mCPCN film . 🙃🙃🙃🙃 2DN 🙃🙃🙃🙃 λPL [ nm ]; Summaries of physical data of 2DN and 2PN. | J9: =HYPERLINK($D9, "link") -> link | K9: =LOWER($I9) -> 654 / 646 / 618 measured in toluene solutions ( 1 × 10−5 m ) . measured in neat film . measured in doped mcpcn film . 🙃🙃🙃🙃 2dn 🙃🙃🙃🙃 λpl [ nm ]; summaries of physical data of 2dn and 2pn. | L9: {=OR(ISNUMBER(SEARCH('0_origin'!$O$2:$O$15, K9)))} -> TRUE
A10: 9 | B10: (10^-9.0) * Meter^(1.0) | C10: λPL | D10: https://doi.org/10.1016/j.jlumin.2021.118683 | E10: toluene | F10: 755 | G10: C(C)(C)C1=C(C(=CC=C1)C(C)C)N1C(C2=CC(=CC=3C2=C(C1=O)C=C(C3)N3C1=CC=CC=C1OC=1C=CC=CC31)N3C1=CC=CC=C1OC=1C=CC=CC31)=O | H10: 0 | I10: 755 / 725 / 650 Measured in toluene solutions ( 1 × 10−5 M ) . Measured in neat film . Measured in doped mCPCN film . 🙃🙃🙃🙃 2PN 🙃🙃🙃🙃 λPL [ nm ]; Summaries of physical data of 2DN and 2PN. | J10: =HYPERLINK($D10, "link") -> link | K10: =LOWER($I10) -> 755 / 725 / 650 measured in toluene solutions ( 1 × 10−5 m ) . measured in neat film . measured in doped mcpcn film . 🙃🙃🙃🙃 2pn 🙃🙃🙃🙃 λpl [ nm ]; summaries of physical data of 2dn and 2pn. | L10: {=OR(ISNUMBER(SEARCH('0_origin'!$O$2:$O$15, K10)))} -> TRUE
A11: 11 | B11: (10^-9.0) * Meter^(1.0) | C11: PL | D11: https://doi.org/10.1016/j.dyepig.2024.112417 | E11: toluene | F11: 440 | G11: C(C)(C)(C)C1=CC=C(C=C1)N(C1=CC=C(C=C1)C=1N(C(=C(N1)C#N)C#N)C)C1=CC=C(C=C1)C(C)(C)C | H11: 0 | I11: 440 / 463 🙃🙃🙃🙃 DCI - TPA 🙃🙃🙃🙃 PL / PL ( nm ) ; Measured in toluene solution . ; Measured in neat films .; Photophysical, electrochemical and thermal properties of the compounds. | J11: =HYPERLINK($D11, "link") -> link | K11: =LOWER($I11) -> 440 / 463 🙃🙃🙃🙃 dci - tpa 🙃🙃🙃🙃 pl / pl ( nm ) ; measured in toluene solution . ; measured in neat films .; photophysical, electrochemical and thermal properties of the compounds. | L11: {=OR(ISNUMBER(SEARCH('0_origin'!$O$2:$O$15, K11)))} -> TRUE
A12: 13 | B12: (10^-9.0) * Meter^(1.0) | C12: PL | D12: https://doi.org/10.1016/j.dyepig.2024.112417 | E12: toluene | F12: 457 | G12: C(C)(C)(C)C1=CC=C(C=C1)N(C1=CC=C(C=C1)C1=NC2=C(N1C)C=C(C(=C2)C#N)C#N)C2=CC=C(C=C2)C(C)(C)C | H12: 0 | I12: 457 / 460 🙃🙃🙃🙃 DCBI - TPA 🙃🙃🙃🙃 PL / PL ( nm ) ; Measured in toluene solution . ; Measured in neat films .; Photophysical, electrochemical and thermal properties of the compounds. | J12: =HYPERLINK($D12, "link") -> link | K12: =LOWER($I12) -> 457 / 460 🙃🙃🙃🙃 dcbi - tpa 🙃🙃🙃🙃 pl / pl ( nm ) ; measured in toluene solution . ; measured in neat films .; photophysical, electrochemical and thermal properties of the compounds. | L12: {=OR(ISNUMBER(SEARCH('0_origin'!$O$2:$O$15, K12)))} -> TRUE
A13: 14 | B13: (10^-9.0) * Meter^(1.0) | C13: λem | D13: https://doi.org/10.1016/j.cej.2020.126173 | E13: toluene | F13: 479 | G13: C1(=CC=CC=C1)C1=NC(=NC(=N1)C1=CC=CC=C1)C1=C(C=CC=C1)N1C=2C=CC=CC2C=2C=CC3=C(C12)C1=CC=CC=C1C31C3=CC=CC=C3C=3C=CC=CC31 | H13: 0 | I13: 479 🙃🙃🙃🙃 SF34oTz 🙃🙃🙃🙃 λem ( nm ) c ; Emission peaks in toluene solution ( 1 * 10−5 M ) .; Thermal, electrochemical, and photophysical data of SFxoTzs. | J13: =HYPERLINK($D13, "link") -> link | K13: =LOWER($I13) -> 479 🙃🙃🙃🙃 sf34otz 🙃🙃🙃🙃 λem ( nm ) c ; emission peaks in toluene solution ( 1 * 10−5 m ) .; thermal, electrochemical, and photophysical data of sfxotzs. | L13: {=OR(ISNUMBER(SEARCH('0_origin'!$O$2:$O$15, K13)))} -> TRUE
... A514: 645 | B514: (10^-9.0) * Meter^(1.0) | C514: λPL | D514: https://doi.org/10.1039/C4TC02547D | E514: toluene | F514: 405 | G514: C(CCC)C1(C2=CC(=CC=C2C=2C=CC(=CC12)C#CC1=CC=C2C=3C=CC(=CC3C(C2=C1)(CCC)CCC)C#N)C#CC1=CC=C2C=3C=CC(=CC3C(C2=C1)(CCC)CCC)C#N)CCCC | H514: 1 | I514: 434 , 413 🙃🙃🙃🙃 C3FLA -2 🙃🙃🙃🙃 λ PL [ nm ]; Table 1 Thermal, photophysical, and electrochemical characteristics of the novel deep-blue emitter, C3FLA-2, compared with those of the deep-blue emitters C2FLA-1 and MDP3FL | J514: =HYPERLINK($D514, "link") -> link | K514: =LOWER($I514) -> 434 , 413 🙃🙃🙃🙃 c3fla -2 🙃🙃🙃🙃 λ pl [ nm ]; table 1 thermal, photophysical, and electrochemical characteristics of the novel deep-blue emitter, c3fla-2, compared with those of the deep-blue emitters c2fla-1 and mdp3fl | L514: {=OR(ISNUMBER(SEARCH('0_origin'!$O$2:$O$15, K514)))} -> FALSE

Sheet 2_wiley_tier_b_added
A1: _id | B1: units | C1: specifier | D1: doi | E1: solvent | F1: standard_value | G1: smiles | H1: corrected | I1: context | J1: url | K1: lowered context | L1: contain
A2: 0 | B2: (10^-9.0) * Meter^(1.0) | C2: λema | D2: https://doi.org/10.1016/j.cej.2022.135775 | E2: toluene | F2: 638 | G2: N1=CC=C(C=C1)C=1C=C2N=C3C(=NC2=CC1C1=CC=NC=C1)C=1C=CC(=C2C=CC=C3C12)N1C2=CC=CC=C2OC=2C=CC=CC12 | H2: 1 | I2: 638 🙃🙃🙃🙃 pDPAPQ - PXZ 🙃🙃🙃🙃 λema [ nm ]; Summary of the photophysical properties of pDPAPQ-PXZ and pDPBPZ-PXZ.
A3: 1 | B3: (10^-9.0) * Meter^(1.0) | C3: λema | D3: https://doi.org/10.1016/j.cej.2022.135775 | E3: toluene | F3: 639 | G3: N1=CC=C(C=C1)C=1C=C2N=C3C4=C(C5=C(C3=NC2=CC1C1=CC=NC=C1)C=CC(=C5)N5C1=CC=CC=C1OC=1C=CC=CC51)C=CC=C4 | H3: 1 | I3: 639 🙃🙃🙃🙃 pDPBPZ - PXZ 🙃🙃🙃🙃 λema [ nm ]; Summary of the photophysical properties of pDPAPQ-PXZ and pDPBPZ-PXZ.
A4: 2 | B4: (10^-9.0) * Meter^(1.0) | C4: λem | D4: https://doi.org/10.1016/j.dyepig.2023.111250 | E4: toluene | F4: 465 | G4: C1(=CC=CC=C1)C1=NC(=NC(=N1)C1=CC=CC=C1)C1=C(C=CC=C1)N1C2=CC=CC=C2C=2C=CC=CC12 | H4: 1 | I4: 402 🙃🙃🙃🙃 oCzTrz 🙃🙃🙃🙃 λem ( nm ) ; Wavelength of the singlet emission at the onset position .; Summary of the electrochemical and photophysical properties of oCzTrz and PhoCzTrz.
A5: 4 | B5: (10^-9.0) * Meter^(1.0) | C5: λPL | D5: https://doi.org/10.1016/j.jphotochem.2024.116046 | E5: toluene | F5: 440 | G5: C(C)(C)(C)C=1C=CC=2N(C3=CC=C(C=C3C2C1)C(C)(C)C)CCCCCCCCC1(C2=CC=CC=C2C=2C=CC(=CC12)C1=C2C=CC=CC2=C(C2=CC=CC=C12)C1=CC=C(C#N)C=C1)CCCCCCCCN1C2=CC=C(C=C2C=2C=C(C=CC12)C(C)(C)C)C(C)(C)C | H5: 0 | I5: 440 / 449 🙃🙃🙃🙃 FAnCN 🙃🙃🙃🙃 λPL ( nm ) sola / filmb; The physical and photophysical data of the emitters.
A6: 5 | B6: (10^-9.0) * Meter^(1.0) | C6: λPL | D6: https://doi.org/10.1016/j.jphotochem.2024.116046 | E6: toluene | F6: 424 | G6: C(C)(C)(C)C=1C=CC=2N(C3=CC=C(C=C3C2C1)C(C)(C)C)CCCCCCCCC1(C2=CC=CC=C2C=2C=CC(=CC12)C1=CC2=C3C=CC=CC3=C(C=C2C=2C=CC=CC12)C1=CC=C(C#N)C=C1)CCCCCCCCN1C2=CC=C(C=C2C=2C=C(C=CC12)C(C)(C)C)C(C)(C)C | H6: 0 | I6: 424 / 439 🙃🙃🙃🙃 FCsCN 🙃🙃🙃🙃 λPL ( nm ) sola / filmb; The physical and photophysical data of the emitters.
A7: 6 | B7: (10^-9.0) * Meter^(1.0) | C7: λem | D7: https://doi.org/10.1016/j.dyepig.2021.109649 | E7: toluene | F7: 536 | G7: CC1(C2=CC=CC=C2N(C=2C=CC=CC12)C1=CC=C(C=C1)C(=O)C1=CC=C(C=C1)SC1=CC=CC=C1)C | H7: 0 | I7: 536 🙃🙃🙃🙃 PT - BZ - DMAC 🙃🙃🙃🙃 λem [ nm ] ; Absorption and PL peak wavelengths in dilute toluene solutions at RT .; Summary of physical parameters of PT-BZ-DMAC and PS-BZ-DMAC.
A8: 7 | B8: (10^-9.0) * Meter^(1.0) | C8: λem | D8: https://doi.org/10.1016/j.dyepig.2021.109649 | E8: toluene | F8: 574 | G8: CC1(C2=CC=CC=C2N(C=2C=CC=CC12)C1=CC=C(C=C1)C(=O)C1=CC=C(C=C1)S(=O)(=O)C1=CC=CC=C1)C | H8: 0 | I8: 574 🙃🙃🙃🙃 PS - BZ - DMAC 🙃🙃🙃🙃 λem [ nm ] ; Absorption and PL peak wavelengths in dilute toluene solutions at RT .; Summary of physical parameters of PT-BZ-DMAC and PS-BZ-DMAC.
A9: 8 | B9: (10^-9.0) * Meter^(1.0) | C9: λPL | D9: https://doi.org/10.1016/j.jlumin.2021.118683 | E9: toluene | F9: 654 | G9: C(C)(C)C1=C(C(=CC=C1)C(C)C)N1C(C2=CC(=CC=3C2=C(C1=O)C=C(C3)N3C=1C=CC=CC1C(C1=CC=CC=C31)(C)C)N3C=1C=CC=CC1C(C1=CC=CC=C31)(C)C)=O | H9: 0 | I9: 654 / 646 / 618 Measured in toluene solutions ( 1 × 10−5 M ) . Measured in neat film . Measured in doped mCPCN film . 🙃🙃🙃🙃 2DN 🙃🙃🙃🙃 λPL [ nm ]; Summaries of physical data of 2DN and 2PN.
A10: 9 | B10: (10^-9.0) * Meter^(1.0) | C10: λPL | D10: https://doi.org/10.1016/j.jlumin.2021.118683 | E10: toluene | F10: 755 | G10: C(C)(C)C1=C(C(=CC=C1)C(C)C)N1C(C2=CC(=CC=3C2=C(C1=O)C=C(C3)N3C1=CC=CC=C1OC=1C=CC=CC31)N3C1=CC=CC=C1OC=1C=CC=CC31)=O | H10: 0 | I10: 755 / 725 / 650 Measured in toluene solutions ( 1 × 10−5 M ) . Measured in neat film . Measured in doped mCPCN film . 🙃🙃🙃🙃 2PN 🙃🙃🙃🙃 λPL [ nm ]; Summaries of physical data of 2DN and 2PN.
A11: 11 | B11: (10^-9.0) * Meter^(1.0) | C11: PL | D11: https://doi.org/10.1016/j.dyepig.2024.112417 | E11: toluene | F11: 440 | G11: C(C)(C)(C)C1=CC=C(C=C1)N(C1=CC=C(C=C1)C=1N(C(=C(N1)C#N)C#N)C)C1=CC=C(C=C1)C(C)(C)C | H11: 0 | I11: 440 / 463 🙃🙃🙃🙃 DCI - TPA 🙃🙃🙃🙃 PL / PL ( nm ) ; Measured in toluene solution . ; Measured in neat films .; Photophysical, electrochemical and thermal properties of the compounds.
A12: 13 | B12: (10^-9.0) * Meter^(1.0) | C12: PL | D12: https://doi.org/10.1016/j.dyepig.2024.112417 | E12: toluene | F12: 457 | G12: C(C)(C)(C)C1=CC=C(C=C1)N(C1=CC=C(C=C1)C1=NC2=C(N1C)C=C(C(=C2)C#N)C#N)C2=CC=C(C=C2)C(C)(C)C | H12: 0 | I12: 457 / 460 🙃🙃🙃🙃 DCBI - TPA 🙃🙃🙃🙃 PL / PL ( nm ) ; Measured in toluene solution . ; Measured in neat films .; Photophysical, electrochemical and thermal properties of the compounds.
A13: 14 | B13: (10^-9.0) * Meter^(1.0) | C13: λem | D13: https://doi.org/10.1016/j.cej.2020.126173 | E13: toluene | F13: 479 | G13: C1(=CC=CC=C1)C1=NC(=NC(=N1)C1=CC=CC=C1)C1=C(C=CC=C1)N1C=2C=CC=CC2C=2C=CC3=C(C12)C1=CC=CC=C1C31C3=CC=CC=C3C=3C=CC=CC31 | H13: 0 | I13: 479 🙃🙃🙃🙃 SF34oTz 🙃🙃🙃🙃 λem ( nm ) c ; Emission peaks in toluene solution ( 1 * 10−5 M ) .; Thermal, electrochemical, and photophysical data of SFxoTzs.
... A514: 645 | B514: (10^-9.0) * Meter^(1.0) | C514: λPL | D514: https://doi.org/10.1039/C4TC02547D | E514: toluene | F514: 405 | G514: C(CCC)C1(C2=CC(=CC=C2C=2C=CC(=CC12)C#CC1=CC=C2C=3C=CC(=CC3C(C2=C1)(CCC)CCC)C#N)C#CC1=CC=C2C=3C=CC(=CC3C(C2=C1)(CCC)CCC)C#N)CCCC | H514: 1 | I514: 434 , 413 🙃🙃🙃🙃 C3FLA -2 🙃🙃🙃🙃 λ PL [ nm ]; Table 1 Thermal, photophysical, and electrochemical characteristics of the novel deep-blue emitter, C3FLA-2, compared with those of the deep-blue emitters C2FLA-1 and MDP3FL
A515: 700 | B515: (10^-9.0) * Meter^(1.0) | C515: λema | D515: https://doi.org/10.1002/adfm.202420489 | F515: 616 | G515: C1(=CC=CC=C1)N(C1=CC=C(C=C1)C1=CC2=C(C3=NC4=CC(=C(C=C4N=C3C3=C2C=CC=C3)C#N)C#N)C=C1)C1=CC=CC=C1 | I515: 616 🙃🙃🙃🙃 DCN - TPA 🙃🙃🙃🙃 Nema ) [ nm ]; Table 1. Summary of the photophysical properties of DCN-TPA and DCN-SAC.
A516: 701 | B516: (10^-9.0) * Meter^(1.0) | C516: λema | D516: https://doi.org/10.1002/adfm.202420489 | F516: 606 | G516: C1(=CC=CC=C1)N1C=2C=CC(=CC2C2(C3=CC=CC=C3C=3C=CC=CC23)C2=CC=CC=C12)C1=CC2=C(C3=NC4=CC(=C(C=C4N=C3C3=C2C=CC=C3)C#N)C#N)C=C1 | I516: 606 🙃🙃🙃🙃 DCN - SAC 🙃🙃🙃🙃 Nema ) [ nm ]; Table 1. Summary of the photophysical properties of DCN-TPA and DCN-SAC.
A517: 702 | B517: (10^-9.0) * Meter^(1.0) | C517: λema | D517: https://doi.org/10.1002/adom.202300368 | F517: 616 | G517: C1(=CC=CC=C1)N(C1=CC=C(C=C1)C1=CC2=C(C3=NC4=CC(=C(C=C4N=C3C3=C2C=CC=C3)C#N)C#N)C=C1)C1=CC=CC=C1 | I517: 616 🙃🙃🙃🙃 DCN - Ph - DPA 🙃🙃🙃🙃 Nema ) [ nm ]; Table 1. Summary of the photophysical properties of DCN-Ph-DPA and DCN-SP-DPA.
A518: 703 | B518: (10^-9.0) * Meter^(1.0) | C518: λema | D518: https://doi.org/10.1002/adom.202300368 | F518: 622 | G518: C1(=CC=CC=C1)N(C1=CC=2C3(C4=CC(=CC=C4C2C=C1)C1=CC2=C(C4=NC5=CC(=C(C=C5N=C4C4=C2C=CC=C4)C#N)C#N)C=C1)C1=CC=CC=C1C=1C=CC=CC13)C1=CC=CC=C1 | I518: 622 🙃🙃🙃🙃 DCN - SP - DPA 🙃🙃🙃🙃 Nema ) [ nm ]; Table 1. Summary of the photophysical properties of DCN-Ph-DPA and DCN-SP-DPA.
A519: 704 | B519: (10^-9.0) * Meter^(1.0) | C519: λem | D519: https://doi.org/10.1002/chem.202401250 | F519: 512 | G519: C1(=CC=CC=C1)C1=NC(=NC(=N1)C1=CC=CC=C1)C1=CC=C(C=C1)N1C=2C=CC(=CC2C(C2=CC(=CC=C12)C1=C(C=CC=C1)F)(C)C)C1=C(C=CC=C1)F | I519: 512 🙃🙃🙃🙃 2,7 - F - Ph - DMAC - TRZ 🙃🙃🙃🙃 Nem [ nm ]; ![](images/174f76d2eeac0b647d07111684f0bde2d1d8c111bcec618cdd15999d7652e4b9.jpg)
A520: 705 | B520: (10^-9.0) * Meter^(1.0) | C520: λem | D520: https://doi.org/10.1002/chem.202401250 | F520: 504 | G520: C1(=CC=CC=C1)C1=NC(=NC(=N1)C1=CC=CC=C1)C1=CC=C(C=C1)N1C=2C=CC(=CC2C(C2=CC(=CC=C12)C1=C(C=CC=C1)C(F)(F)F)(C)C)C1=C(C=CC=C1)C(F)(F)F | I520: 504 🙃🙃🙃🙃 2,7 - CF3 - Ph - DMAC - TRZ 🙃🙃🙃🙃 Nem [ nm ]; ![](images/174f76d2eeac0b647d07111684f0bde2d1d8c111bcec618cdd15999d7652e4b9.jpg)
A521: 706 | B521: (10^-9.0) * Meter^(1.0) | C521: λpLa | D521: https://doi.org/10.1002/adfm.202105805 | F521: 446 | G521: C1=CC=CC=2OC=3C=C(C=C4OC=5C=CC=CC5B(C34)C12)N1C=2C=CC=CC2C2=C3C(=C4N(C=5C=CC=CC5C4=C21)C2=CC=CC=C2)C2=C(O3)C=CC=C2 | I521: 446 🙃🙃🙃🙃 DBA - BFICz 🙃🙃🙃🙃 NpLa ) [ nm ]; Table 1. Photophysical properties of DBA-BFICz and DBA-BTICz.
A522: 707 | B522: (10^-9.0) * Meter^(1.0) | C522: λpLa | D522: https://doi.org/10.1002/adfm.202105805 | F522: 445 | G522: C1=CC=CC=2OC=3C=C(C=C4OC=5C=CC=CC5B(C34)C12)N1C=2C=CC=CC2C2=C3C(=C4N(C=5C=CC=CC5C4=C21)C2=CC=CC=C2)C2=C(S3)C=CC=C2 | I522: 445 🙃🙃🙃🙃 DBA - BTICz 🙃🙃🙃🙃 NpLa ) [ nm ]; Table 1. Photophysical properties of DBA-BFICz and DBA-BTICz.
A523: 708 | B523: (10^-9.0) * Meter^(1.0) | C523: λemb | D523: https://doi.org/10.1002/adom.201700145 | E523: Cyclohexane | F523: 625 | G523: CC1(C2=CC=CC=C2N(C=2C=CC=CC12)C1=CC=C(C=C1)C1=C2C=CC=CC2=C(C2=NSN=C21)C2=CC=C(C=C2)N2C=1C=CC=CC1C(C1=CC=CC=C21)(C)C)C | I523: 625 🙃🙃🙃🙃 Cyclohexane 🙃🙃🙃🙃 Nemb ) [ nm ]; Table 1. Photophysical properties of NZ2AC in different solvents.
A524: 709 | B524: (10^-9.0) * Meter^(1.0) | C524: λemb | D524: https://doi.org/10.1002/adom.201700145 | E524: Toluene | F524: 631 | G524: CC1(C2=CC=CC=C2N(C=2C=CC=CC12)C1=CC=C(C=C1)C1=C2C=CC=CC2=C(C2=NSN=C21)C2=CC=C(C=C2)N2C=1C=CC=CC1C(C1=CC=CC=C21)(C)C)C | I524: 631 🙃🙃🙃🙃 Toluene 🙃🙃🙃🙃 Nemb ) [ nm ]; Table 1. Photophysical properties of NZ2AC in different solvents.
A525: 710 | B525: (10^-9.0) * Meter^(1.0) | C525: λemb | D525: https://doi.org/10.1002/adom.201700145 | E525: Chloroform | F525: 663 | G525: CC1(C2=CC=CC=C2N(C=2C=CC=CC12)C1=CC=C(C=C1)C1=C2C=CC=CC2=C(C2=NSN=C21)C2=CC=C(C=C2)N2C=1C=CC=CC1C(C1=CC=CC=C21)(C)C)C | I525: 663 🙃🙃🙃🙃 Chloroform 🙃🙃🙃🙃 Nemb ) [ nm ]; Table 1. Photophysical properties of NZ2AC in different solvents.
A526: 711 | B526: (10^-9.0) * Meter^(1.0) | C526: λemb | D526: https://doi.org/10.1002/adom.201700145 | E526: Tetrahydrofuran | F526: 668 | G526: CC1(C2=CC=CC=C2N(C=2C=CC=CC12)C1=CC=C(C=C1)C1=C2C=CC=CC2=C(C2=NSN=C21)C2=CC=C(C=C2)N2C=1C=CC=CC1C(C1=CC=CC=C21)(C)C)C | I526: 668 🙃🙃🙃🙃 Tetrahydrofuran 🙃🙃🙃🙃 Nemb ) [ nm ]; Table 1. Photophysical properties of NZ2AC in different solvents.
A527: 712 | B527: (10^-9.0) * Meter^(1.0) | C527: λemb | D527: https://doi.org/10.1002/adom.201700145 | E527: Dichloromethane | F527: 663 | G527: CC1(C2=CC=CC=C2N(C=2C=CC=CC12)C1=CC=C(C=C1)C1=C2C=CC=CC2=C(C2=NSN=C21)C2=CC=C(C=C2)N2C=1C=CC=CC1C(C1=CC=CC=C21)(C)C)C | I527: 663 🙃🙃🙃🙃 Dichloromethane 🙃🙃🙃🙃 Nemb ) [ nm ]; Table 1. Photophysical properties of NZ2AC in different solvents.
A528: 713 | B528: (10^-9.0) * Meter^(1.0) | C528: λem | D528: https://doi.org/10.1002/ange.201600113 | E528: cyclohexane | F528: 457 | G528: CC(C1=CC2=C(N(C3=CC4=CC=C5C(N=C(C(C=CC(N6C7=C(C8=C6C=CC(C(C)(C)C)=C8)C=C(C(C)(C)C)C=C7)=C9)=C9C=C%10)C%10=N5)=C4C=C3)C%11=C2C=C(C(C)(C)C)C=C%11)C=C1)(C)C | H528: 1 | I528: 457 / 509 🙃🙃🙃🙃 t - BuCZ - DBPHZ 🙃🙃🙃🙃 Nem [ nm ] ( in c - hexl @ / in CBP filmb ); Table 1: Summary of properties of DBPHZs.
A529: 714 | B529: (10^-9.0) * Meter^(1.0) | C529: λMax. | D529: https://doi.org/10.1002/advs.201800436 | E529: toluene | F529: 612 | G529: C1=CC=CC=2OC3=CC=CC=C3N(C12)C=1C=CC2=C(C3=C(C4=NC5=C6C(=C7C(=C5N=C24)C=CC=N7)N=CC=C6)C=CC(=C3)N3C6=CC=CC=C6OC=6C=CC=CC36)C1 | H529: 1 | I529: 612 🙃🙃🙃🙃 DPXZ - BPPZ 🙃🙃🙃🙃 NMax . [ nm ] 🙃🙃🙃🙃 NMax . [ nm ]; Table 1. Summary of performances of red TADF OLEDs (ELmax≥670 nm) ).
A530: 715 | B530: (10^-9.0) * Meter^(1.0) | C530: PL | D530: https://doi.org/10.1002/adfm.202411957 | F530: 501 | G530: C1=CC=CC2=C1N1C3=C2C=CC=C3OC=3C=CC=CC13 | I530: 501 🙃🙃🙃🙃 1 🙃🙃🙃🙃 1 🙃🙃🙃🙃 PL [ nm ]; Table 1. Emission characteristics of emitters 1 and 2 doped (xwt-%) in the PPF films.
A531: 716 | B531: (10^-9.0) * Meter^(1.0) | C531: PL | D531: https://doi.org/10.1002/adfm.202411957 | F531: 506 | G531: C1=CC=CC2=C1N1C3=C2C=CC=C3OC=3C=CC=CC13 | I531: 506 🙃🙃🙃🙃 1 🙃🙃🙃🙃 20 🙃🙃🙃🙃 PL [ nm ]; Table 1. Emission characteristics of emitters 1 and 2 doped (xwt-%) in the PPF films.
A532: 717 | B532: (10^-9.0) * Meter^(1.0) | C532: PL | D532: https://doi.org/10.1002/adfm.202411957 | F532: 500 | G532: C1=CC=CC2=C1N1C3=C2C=CC=C3OC=3C=CC=CC13 | I532: 500 🙃🙃🙃🙃 2 🙃🙃🙃🙃 1 🙃🙃🙃🙃 PL [ nm ]; Table 1. Emission characteristics of emitters 1 and 2 doped (xwt-%) in the PPF films.
A533: 718 | B533: (10^-9.0) * Meter^(1.0) | C533: PL | D533: https://doi.org/10.1002/adfm.202411957 | F533: 508 | G533: C1=CC=CC2=C1N1C3=C2C=CC=C3OC=3C=CC=CC13 | I533: 508 🙃🙃🙃🙃 2 🙃🙃🙃🙃 20 🙃🙃🙃🙃 PL [ nm ]; Table 1. Emission characteristics of emitters 1 and 2 doped (xwt-%) in the PPF films.
A534: 719 | B534: (10^-9.0) * Meter^(1.0) | C534: λem | D534: https://doi.org/10.1002/adom.202002019 | E534: THF | F534: 510 | G534: O=C(C1=CC=C(N2C(C=CC=C3)=C3C4(C(C=CC=C5)=C5C6=C4C=CC=C6)C7=C2C=CC=C7)C=C1)C(C=C8C9=C%10C=CC=C9)=CC=C8N%10C(C=C%11)=CC=C%11N%12C%13=CC=CC=C%13C%14=C%12C=CC=C%14 | H534: 1 | I534: 510 🙃🙃🙃🙃 Nem [ nm ] 🙃🙃🙃🙃 solutiona ); Table 1. The photophysical data of DCB-BP-SFAC.
A535: 720 | B535: (10^-9.0) * Meter^(1.0) | C535: λema | D535: https://doi.org/10.1002/adfm.202304398 | E535: toluene | F535: 648 | G535: N#CC(C=C1N=C2C3=C4C=C(C5=CC=C(N(C6=CC=C(C(C=CC=C7)=C7C89C(C=CC=C%10)=C%10C%11=C9C=CC=C%11)C8=C6)C%12=CC=CC=C%12)C=C5)C=C3)=C(C#N)C=C1N=C2C%13=C4C=CC=C%13 | H535: 1 | I535: 648 🙃🙃🙃🙃 DCN - SPTPA 🙃🙃🙃🙃 Nema ) [ nm ]; Table 1. Summary of the photophysical properties of DCN-PhTPA and DCN-SPTPA.
A536: 721 | B536: (10^-9.0) * Meter^(1.0) | C536: λem | D536: https://doi.org/10.1002/adom.201600304 | E536: toluene | F536: 543 | G536: C1=CC=CC=2OC3=CC=CC=C3N(C12)C=1C=NC2=C3N=CC(=CC3=CC=C2C1)N1C2=CC=CC=C2OC=2C=CC=CC12 | H536: 1 | I536: 543 🙃🙃🙃🙃 m - PXZP 🙃🙃🙃🙃 Nem [ nm ] a ); Table 2. Physical properties of ±bx-PXZP.
A537: 722 | B537: (10^-9.0) * Meter^(1.0) | C537: λem | D537: https://doi.org/10.1002/adom.201600304 | E537: toluene | F537: 535 | G537: C1=CC=CC=2OC3=CC=CC=C3N(C12)C1=CC=NC2=C3N=CC=C(C3=CC=C12)N1C2=CC=CC=C2OC=2C=CC=CC12 | H537: 1 | I537: 535 🙃🙃🙃🙃 p - PXZP 🙃🙃🙃🙃 Nem [ nm ] a ); Table 2. Physical properties of ±bx-PXZP.
A538: 723 | B538: (10^-9.0) * Meter^(1.0) | C538: λem | D538: https://doi.org/10.1002/adom.201600304 | E538: toluene | F538: 554 | G538: C1=CC=CC=2OC3=CC=CC=C3N(C12)C1=NC2=C3N=C(C=CC3=CC=C2C=C1)N1C2=CC=CC=C2OC=2C=CC=CC12 | H538: 1 | I538: 535 🙃🙃🙃🙃 o - PXZP 🙃🙃🙃🙃 Nem [ nm ] a ); Table 2. Physical properties of ±bx-PXZP.
A539: 724 | B539: (10^-9.0) * Meter^(1.0) | C539: λem | D539: https://doi.org/10.1002/ange.201906575 | E539: toluene | F539: 607 | G539: C1=CC=NC2=C3C(=C4N=C5C6=C(C7=C(C5=NC4=C21)C=CC=C7)C=C(C=C6)N6C7=CC=CC=C7OC=7C=CC=CC67)C=CC=N3 | H539: 1 | I539: 607 🙃🙃🙃🙃 BPPZ - PXZ 🙃🙃🙃🙃 Nem [ nm ] ( b ]; Tabelle 1: Summary of physical properties of BPPZ-PXZ and mDPBPZ-PXZ.
A540: 725 | B540: (10^-9.0) * Meter^(1.0) | C540: λem | D540: https://doi.org/10.1002/ange.201906575 | F540: 638 | G540: N1=CC(=CC=C1)C=1C=C2N=C3C4=C(C5=C(C3=NC2=CC1C=1C=NC=CC1)C=CC(=C5)N5C1=CC=CC=C1OC=1C=CC=CC51)C=CC=C4 | I540: 638 🙃🙃🙃🙃 mDPBPZ - PXZ 🙃🙃🙃🙃 Nem [ nm ] ( b ]; Tabelle 1: Summary of physical properties of BPPZ-PXZ and mDPBPZ-PXZ.
A541: 726 | B541: (10^-9.0) * Meter^(1.0) | C541: λem | D541: https://doi.org/10.1002/adfm.202002064 | E541: THF | F541: 524 | G541: FC(C1=C(C(=CC=C1)C(F)(F)F)B(C1=CC(=C(C(=C1)OC)N1C2=CC=CC=C2C=2C=CC=CC12)OC)C1=C(C=CC=C1C(F)(F)F)C(F)(F)F)(F)F | I541: 524 🙃🙃🙃🙃 2 🙃🙃🙃🙃 THF 🙃🙃🙃🙃 387 🙃🙃🙃🙃 Nem [ nm ]; Table 2. Photophysical data for compounds 1-5. Calculated gaps are shown in curly brackets.
A542: 727 | B542: (10^-9.0) * Meter^(1.0) | C542: λem | D542: https://doi.org/10.1002/adfm.202002064 | E542: Hexane | F542: 536 | G542: FC(C1=C(C(=CC=C1)C(F)(F)F)B(C1=CC(=C(C(=C1)C)N1C2=CC=CC=C2OC=2C=CC=CC12)C)C1=C(C=CC=C1C(F)(F)F)C(F)(F)F)(F)F | I542: 536 🙃🙃🙃🙃 3 🙃🙃🙃🙃 Hexane 🙃🙃🙃🙃 465 🙃🙃🙃🙃 Nem [ nm ]; Table 2. Photophysical data for compounds 1-5. Calculated gaps are shown in curly brackets.
A543: 728 | B543: (10^-9.0) * Meter^(1.0) | C543: λemb | D543: https://doi.org/10.1002/adfm.201302907 | E543: toluene | F543: 412 | G543: C1(=CC=CC=C1)C1=C2C=CC=CC2=C(C2=CC=CC=C12)C1=CC=C(C=C1)C=1C2=CC=CC=C2C(=C2C=CC=CC12)C1=CC=CC=C1 | I543: 412 / 419 / 420 🙃🙃🙃🙃 BD1 🙃🙃🙃🙃 Nemb ) [ nm ]; Table 1. Physical data of the compounds.
A544: 729 | B544: (10^-9.0) * Meter^(1.0) | C544: λemc | D544: https://doi.org/10.1002/adfm.201302907 | F544: 443 | G544: C1(=CC=CC=C1)C1=C2C=CC=CC2=C(C2=CC=CC=C12)C1=CC=C(C=C1)C=1C2=CC=CC=C2C(=C2C=CC=CC12)C1=CC=CC=C1 | I544: 443 🙃🙃🙃🙃 BD1 🙃🙃🙃🙃 Nemc ) [ nm ]; Table 1. Physical data of the compounds.
A545: 730 | B545: (10^-9.0) * Meter^(1.0) | C545: λem | D545: https://doi.org/10.1002/ange.201802060 | E545: THF | F545: 576 | G545: O=C(C1=CC=C(N2C(C=CC=C3)=C3OC4=C2C=CC=C4)C=C1)C5=CC6=C(N(C7=CC=CC=C76)C(C=C8)=CC=C8N9C%10=CC=CC=C%10C%11=C9C=CC=C%11)C=C5 | H545: 1 | I545: 576 🙃🙃🙃🙃 DCB - BP - PXZ 🙃🙃🙃🙃 Solutionlal 🙃🙃🙃🙃 Nem [ nm ]; Table 1: Photophysical properties of DCB-BP-PXZ, CBP-BP-PXZ, mCP-BP-PXZ and mCBP-BP-PXZ
A546: 731 | B546: (10^-9.0) * Meter^(1.0) | C546: λem | D546: https://doi.org/10.1002/ange.201802060 | E546: THF | F546: 575 | G546: O=C(C1=CC=C(N2C(C=CC=C3)=C3OC4=C2C=CC=C4)C=C1)C5=CC6=C(N(C7=CC=CC=C76)C8=CC=C(C(C=C9)=CC=C9N%10C%11=CC=CC=C%11C%12=C%10C=CC=C%12)C=C8)C=C5 | H546: 1 | I546: 532 🙃🙃🙃🙃 CBP - BP - PXZ 🙃🙃🙃🙃 Neatfilm [ b ] 🙃🙃🙃🙃 Nem [ nm ]; Table 1: Photophysical properties of DCB-BP-PXZ, CBP-BP-PXZ, mCP-BP-PXZ and mCBP-BP-PXZ
A547: 732 | B547: (10^-9.0) * Meter^(1.0) | C547: λemb | D547: https://doi.org/10.1002/adfm.201606384 | E547: Cyclohexane | F547: 640 | G547: N=1SN=C2C1C(=C1C=CC=CC1=C2C2=CC=C(N(C1=CC=CC=C1)C1=CC=CC=C1)C=C2)C2=CC=C(N(C1=CC=CC=C1)C1=CC=CC=C1)C=C2 | H547: 1 | I547: 640 🙃🙃🙃🙃 Cyclohexane 🙃🙃🙃🙃 Nemb ) [ nm ]; Table 2. Photophysical data of NZ2TPA in different solvents.
A548: 733 | B548: (10^-9.0) * Meter^(1.0) | C548: λemb | D548: https://doi.org/10.1002/adfm.201606384 | E548: Toluene | F548: 661 | G548: N=1SN=C2C1C(=C1C=CC=CC1=C2C2=CC=C(N(C1=CC=CC=C1)C1=CC=CC=C1)C=C2)C2=CC=C(N(C1=CC=CC=C1)C1=CC=CC=C1)C=C2 | H548: 1 | I548: 661 🙃🙃🙃🙃 Toluene 🙃🙃🙃🙃 Nemb ) [ nm ]; Table 2. Photophysical data of NZ2TPA in different solvents.
A549: 734 | B549: (10^-9.0) * Meter^(1.0) | C549: λemb | D549: https://doi.org/10.1002/adfm.201606384 | E549: Tetrahydrofuran | F549: 674 | G549: N=1SN=C2C1C(=C1C=CC=CC1=C2C2=CC=C(N(C1=CC=CC=C1)C1=CC=CC=C1)C=C2)C2=CC=C(N(C1=CC=CC=C1)C1=CC=CC=C1)C=C2 | H549: 1 | I549: 674 🙃🙃🙃🙃 Tetrahydrofuran 🙃🙃🙃🙃 Nemb ) [ nm ]; Table 2. Photophysical data of NZ2TPA in different solvents.
A550: 735 | B550: (10^-9.0) * Meter^(1.0) | C550: λemb | D550: https://doi.org/10.1002/adfm.201606384 | E550: Chloroform | F550: 681 | G550: N=1SN=C2C1C(=C1C=CC=CC1=C2C2=CC=C(N(C1=CC=CC=C1)C1=CC=CC=C1)C=C2)C2=CC=C(N(C1=CC=CC=C1)C1=CC=CC=C1)C=C2 | H550: 1 | I550: 681 🙃🙃🙃🙃 Chloroform 🙃🙃🙃🙃 Nemb ) [ nm ]; Table 2. Photophysical data of NZ2TPA in different solvents.
A551: 736 | B551: (10^-9.0) * Meter^(1.0) | C551: λemb | D551: https://doi.org/10.1002/adfm.201606384 | E551: Dichloromethane | F551: 684 | G551: N=1SN=C2C1C(=C1C=CC=CC1=C2C2=CC=C(N(C1=CC=CC=C1)C1=CC=CC=C1)C=C2)C2=CC=C(N(C1=CC=CC=C1)C1=CC=CC=C1)C=C2 | H551: 1 | I551: 684 🙃🙃🙃🙃 Dichloromethane 🙃🙃🙃🙃 Nemb ) [ nm ]; Table 2. Photophysical data of NZ2TPA in different solvents.
A552: 737 | B552: (10^-9.0) * Meter^(1.0) | C552: λem | D552: https://doi.org/10.1002/adom.202001027 | F552: 575 | G552: C1=CC=CC=2C3=CC=CC=C3N(C12)C1=CC=2C(C3=CC(=CC=C3C2C=C1)N1C2=CC=CC=C2C=2C=CC=CC12)(C)C | I552: 575 🙃🙃🙃🙃 DCDMF - BP - PXZ - BP - PXZ 🙃🙃🙃🙃 Solutiona ) 🙃🙃🙃🙃 Nem [ nm ]; Table 1. Photophysical properties, thermal stabilities, and energy levels of DCDMF-BP-PXZ, DCDPF-BP-PXZ, and DCSBF-BP-PXZ.
A553: 738 | B553: (10^-9.0) * Meter^(1.0) | C553: λem | D553: https://doi.org/10.1002/adom.202001027 | F553: 540 | G553: C1=CC=CC=2C3=CC=CC=C3N(C12)C1=CC=2C(C3=CC(=CC=C3C2C=C1)N1C2=CC=CC=C2C=2C=CC=CC12)(C)C | I553: 540 🙃🙃🙃🙃 DCDMF - BP - PXZ - BP - PXZ 🙃🙃🙃🙃 Filmb ) 🙃🙃🙃🙃 Nem [ nm ]; Table 1. Photophysical properties, thermal stabilities, and energy levels of DCDMF-BP-PXZ, DCDPF-BP-PXZ, and DCSBF-BP-PXZ.
A554: 739 | B554: (10^-9.0) * Meter^(1.0) | C554: λem | D554: https://doi.org/10.1002/adom.202001027 | F554: 572 | G554: C1=CC=CC=2C3=CC=CC=C3N(C12)C1=CC=2C(C3=CC(=CC=C3C2C=C1)N1C2=CC=CC=C2C=2C=CC=CC12)(C1=CC=CC=C1)C1=CC=CC=C1 | I554: 572 🙃🙃🙃🙃 DCDPF - BP - PXZ 🙃🙃🙃🙃 Solutiona ) 🙃🙃🙃🙃 Nem [ nm ]; Table 1. Photophysical properties, thermal stabilities, and energy levels of DCDMF-BP-PXZ, DCDPF-BP-PXZ, and DCSBF-BP-PXZ.
A555: 740 | B555: (10^-9.0) * Meter^(1.0) | C555: λem | D555: https://doi.org/10.1002/adom.202001027 | F555: 530 | G555: C1=CC=CC=2C3=CC=CC=C3N(C12)C1=CC=2C(C3=CC(=CC=C3C2C=C1)N1C2=CC=CC=C2C=2C=CC=CC12)(C1=CC=CC=C1)C1=CC=CC=C1 | I555: 530 🙃🙃🙃🙃 DCDPF - BP - PXZ 🙃🙃🙃🙃 Filmb ) 🙃🙃🙃🙃 Nem [ nm ]; Table 1. Photophysical properties, thermal stabilities, and energy levels of DCDMF-BP-PXZ, DCDPF-BP-PXZ, and DCSBF-BP-PXZ.
A556: 741 | B556: (10^-9.0) * Meter^(1.0) | C556: λem | D556: https://doi.org/10.1002/adom.202001027 | F556: 569 | G556: C1=CC=CC=2C3=CC=CC=C3N(C12)C1=CC=2C3(C4=CC(=CC=C4C2C=C1)N1C2=CC=CC=C2C=2C=CC=CC12)C1=CC=CC=C1C=1C=CC=CC13 | I556: 569 🙃🙃🙃🙃 DCSBF - BP - PXZ 🙃🙃🙃🙃 Solutiona ) 🙃🙃🙃🙃 Nem [ nm ]; Table 1. Photophysical properties, thermal stabilities, and energy levels of DCDMF-BP-PXZ, DCDPF-BP-PXZ, and DCSBF-BP-PXZ.
A557: 742 | B557: (10^-9.0) * Meter^(1.0) | C557: λem | D557: https://doi.org/10.1002/adom.202001027 | F557: 527 | G557: C1=CC=CC=2C3=CC=CC=C3N(C12)C1=CC=2C3(C4=CC(=CC=C4C2C=C1)N1C2=CC=CC=C2C=2C=CC=CC12)C1=CC=CC=C1C=1C=CC=CC13 | I557: 527 🙃🙃🙃🙃 DCSBF - BP - PXZ 🙃🙃🙃🙃 Filmb ) 🙃🙃🙃🙃 Nem [ nm ]; Table 1. Photophysical properties, thermal stabilities, and energy levels of DCDMF-BP-PXZ, DCDPF-BP-PXZ, and DCSBF-BP-PXZ.
A558: 743 | B558: (10^-9.0) * Meter^(1.0) | C558: λem | D558: https://doi.org/10.1002/adom.202001027 | F558: 504 | G558: C1=CC=CC=2C3=CC=CC=C3N(C12)C1=CC=2C(C3=CC(=CC=C3C2C=C1)N1C2=CC=CC=C2C=2C=CC=CC12)(C)C | I558: 504 🙃🙃🙃🙃 Nem [ nm ] 🙃🙃🙃🙃 DCDMF - BP - PXZ 🙃🙃🙃🙃 10 wt %; Table 2. Photophysical data of DCDMF-BP-PXZ, DCDPF-BP-PXZ, and DCSBF-BP-PXZ in neat films and doped films (doping concentration =10 and 20wt% .
A559: 744 | B559: (10^-9.0) * Meter^(1.0) | C559: λem | D559: https://doi.org/10.1002/adom.202001027 | F559: 502 | G559: C1=CC=CC=2C3=CC=CC=C3N(C12)C1=CC=2C(C3=CC(=CC=C3C2C=C1)N1C2=CC=CC=C2C=2C=CC=CC12)(C)C | I559: 502 🙃🙃🙃🙃 Nem [ nm ] 🙃🙃🙃🙃 DCDMF - BP - PXZ 🙃🙃🙃🙃 20 wt %; Table 2. Photophysical data of DCDMF-BP-PXZ, DCDPF-BP-PXZ, and DCSBF-BP-PXZ in neat films and doped films (doping concentration =10 and 20wt% .
A560: 745 | B560: (10^-9.0) * Meter^(1.0) | C560: λem | D560: https://doi.org/10.1002/adom.202001027 | F560: 508 | G560: C1=CC=CC=2C3=CC=CC=C3N(C12)C1=CC=2C(C3=CC(=CC=C3C2C=C1)N1C2=CC=CC=C2C=2C=CC=CC12)(C1=CC=CC=C1)C1=CC=CC=C1 | I560: 508 🙃🙃🙃🙃 Nem [ nm ] 🙃🙃🙃🙃 DCDPF - BP - PXZ 🙃🙃🙃🙃 10 wt %; Table 2. Photophysical data of DCDMF-BP-PXZ, DCDPF-BP-PXZ, and DCSBF-BP-PXZ in neat films and doped films (doping concentration =10 and 20wt% .
A561: 746 | B561: (10^-9.0) * Meter^(1.0) | C561: λem | D561: https://doi.org/10.1002/adom.202001027 | F561: 516 | G561: C1=CC=CC=2C3=CC=CC=C3N(C12)C1=CC=2C(C3=CC(=CC=C3C2C=C1)N1C2=CC=CC=C2C=2C=CC=CC12)(C1=CC=CC=C1)C1=CC=CC=C1 | I561: 516 🙃🙃🙃🙃 Nem [ nm ] 🙃🙃🙃🙃 DCDPF - BP - PXZ 🙃🙃🙃🙃 20 wt %; Table 2. Photophysical data of DCDMF-BP-PXZ, DCDPF-BP-PXZ, and DCSBF-BP-PXZ in neat films and doped films (doping concentration =10 and 20wt% .
A562: 747 | B562: (10^-9.0) * Meter^(1.0) | C562: λem | D562: https://doi.org/10.1002/adom.202001027 | F562: 508 | G562: C1=CC=CC=2C3=CC=CC=C3N(C12)C1=CC=2C3(C4=CC(=CC=C4C2C=C1)N1C2=CC=CC=C2C=2C=CC=CC12)C1=CC=CC=C1C=1C=CC=CC13 | I562: 508 🙃🙃🙃🙃 Nem [ nm ] 🙃🙃🙃🙃 DCSBF - BP - PXZ 🙃🙃🙃🙃 10 wt %; Table 2. Photophysical data of DCDMF-BP-PXZ, DCDPF-BP-PXZ, and DCSBF-BP-PXZ in neat films and doped films (doping concentration =10 and 20wt% .
A563: 748 | B563: (10^-9.0) * Meter^(1.0) | C563: λem | D563: https://doi.org/10.1002/adom.202001027 | F563: 522 | G563: C1=CC=CC=2C3=CC=CC=C3N(C12)C1=CC=2C3(C4=CC(=CC=C4C2C=C1)N1C2=CC=CC=C2C=2C=CC=CC12)C1=CC=CC=C1C=1C=CC=CC13 | I563: 522 🙃🙃🙃🙃 Nem [ nm ] 🙃🙃🙃🙃 DCSBF - BP - PXZ 🙃🙃🙃🙃 20 wt %; Table 2. Photophysical data of DCDMF-BP-PXZ, DCDPF-BP-PXZ, and DCSBF-BP-PXZ in neat films and doped films (doping concentration =10 and 20wt% .
... A565: 750 | B565: (10^-9.0) * Meter^(1.0) | C565: λpLa | D565: https://doi.org/10.1002/adom.201901283 | F565: 384 | G565: C1=CC=CC=2C3=CC=CC=C3N(C12)C1=CC=C(C=N1)C=1C=NC(=CC1)N1C2=CC=CC=C2C=2C=CC=CC12 | I565: 384 🙃🙃🙃🙃 3 - CBPy 🙃🙃🙃🙃 NpLa ) [ nm ]; Table 1. Summary of key optoelectronic properties of 3-CBPy and 4-mCBPy
A566: 751 | B566: (10^-9.0) * Meter^(1.0) | C566: λema | D566: https://doi.org/10.1002/adma.202003885 | E566: toluene | F566: 502 | G566: C(C)(C)(C)C1=CC2=C(C=C1)N(C1=CC=CC=C1C21C2=CC=CC=C2C=2C=CC=C(C12)C1=CC=C(C=C1)C1=NC(=NC(=N1)C1=CC=CC=C1)C1=CC=CC=C1)C1=CC=C(C=C1)C(C)(C)C | H566: 1 | I566: 502 🙃🙃🙃🙃 2tDMG 🙃🙃🙃🙃 Nema ) [ nm ]; Table 1. Summary of photophysical, electrochemical, and thermal properties of 2tDMG and 3tDMG.
A567: 752 | B567: (10^-9.0) * Meter^(1.0) | C567: λema | D567: https://doi.org/10.1002/adma.202003885 | E567: toluene | F567: 505 | G567: C(C)(C)(C)C1=CC2=C(C=C1)N(C1=CC=C(C=C1C21C2=CC=CC=C2C=2C=CC=C(C12)C1=CC=C(C=C1)C1=NC(=NC(=N1)C1=CC=CC=C1)C1=CC=CC=C1)C(C)(C)C)C1=CC=C(C=C1)C(C)(C)C | H567: 1 | I567: 505 🙃🙃🙃🙃 3tDMG 🙃🙃🙃🙃 Nema ) [ nm ]; Table 1. Summary of photophysical, electrochemical, and thermal properties of 2tDMG and 3tDMG.
A568: 753 | B568: (10^-9.0) * Meter^(1.0) | C568: λem | D568: https://doi.org/10.1002/adma.202404357 | E568: Toluene | F568: 528 | G568: C(C)(C)C1=C(C(=CC=C1)C(C)C)NC=NC1=C(C=CC=C1C(C)C)C(C)C | I568: 528 🙃🙃🙃🙃 Toluene MeTHF frozen solution 🙃🙃🙃🙃 CMA1 🙃🙃🙃🙃 Nem [ nm ] 🙃🙃🙃🙃; Table 3. Photophysical properties of gold complexes CMA1 and Au1-Au3 in PS matrix and in toluene solution excited at 360nm in all media, where OH/L is an overlap integral between electron and hole wave functions.
A569: 754 | B569: (10^-9.0) * Meter^(1.0) | C569: λem | D569: https://doi.org/10.1002/adma.202307725 | E569: toluene | F569: 550 | G569: C1(=CC=CC=C1)N1C=2C=CC(=CC2C2(C3=CC=CC=C3C=3C=CC=CC23)C2=CC(=CC=C12)C1=CC=C(C=C1)C1=NC2=CC(=C(C=C2N=C1)C#N)C#N)C1=CC=C(C=C1)C1=NC2=CC(=C(C=C2N=C1)C#N)C#N | I569: 550 / 611 / 703 🙃🙃🙃🙃 🙃🙃🙃🙃 Nem a ) / Nemb ) / Nem9 ) [ nm ]; Table 1. Key physical properties of QCN-PhSAC-QCN.
A570: 755 | B570: (10^-9.0) * Meter^(1.0) | C570: λem | D570: https://doi.org/10.1002/adom.202101773 | F570: 452 | G570: C(CCCCCCC)N1C2=CC=CC=C2C=2C(C=3N(C4=CC=CC=C4C3C(C21)C2=CC=CC=C2)CCCCCCCC)C2=CC=CC=C2 | I570: 452 🙃🙃🙃🙃 Ph - C8 🙃🙃🙃🙃 376 🙃🙃🙃🙃 🙃🙃🙃🙃 Nem [ nm ] a ); Table 1. Lifetimes of compounds at crystal state under ambient condition and at 77 .
A571: 756 | B571: (10^-9.0) * Meter^(1.0) | C571: λem | D571: https://doi.org/10.1002/adom.202101773 | F571: 588 | G571: C(CCCCCCC)N1C2=CC=CC=C2C=2C(C=3N(C4=CC=CC=C4C3C(C21)C2=CC=CC=C2)CCCCCCCC)C2=CC=CC=C2 | I571: 588 🙃🙃🙃🙃 Ph - C8 🙃🙃🙃🙃 376 🙃🙃🙃🙃 🙃🙃🙃🙃 Nem [ nm ] c ); Table 1. Lifetimes of compounds at crystal state under ambient condition and at 77 .
A572: 757 | B572: (10^-9.0) * Meter^(1.0) | C572: λem | D572: https://doi.org/10.1002/adom.202101773 | F572: 453 | G572: BrCCCCCCCCN1C2=CC=CC=C2C=2C(C=3N(C4=CC=CC=C4C3C(C21)C2=CC=C(C=C2)Br)CCCCCCCCBr)C2=CC=C(C=C2)Br | I572: 453 🙃🙃🙃🙃 PhBr - C8Br 🙃🙃🙃🙃 355 🙃🙃🙃🙃 505 🙃🙃🙃🙃 Nem [ nm ] a ); Table 1. Lifetimes of compounds at crystal state under ambient condition and at 77 .
A573: 758 | B573: (10^-9.0) * Meter^(1.0) | C573: λem | D573: https://doi.org/10.1002/adom.202101773 | F573: 460 | G573: BrCCCCCCCCN1C2=CC=CC=C2C=2C(C=3N(C4=CC=CC=C4C3C(C21)C2=CC=C(C=C2)Br)CCCCCCCCBr)C2=CC=C(C=C2)Br | I573: 460 🙃🙃🙃🙃 PhBr - C8Br 🙃🙃🙃🙃 355 🙃🙃🙃🙃 505 🙃🙃🙃🙃 Nem [ nm ] c ); Table 1. Lifetimes of compounds at crystal state under ambient condition and at 77 .
A574: 759 | B574: (10^-9.0) * Meter^(1.0) | C574: λem | D574: https://doi.org/10.1002/adma.202408816 | E574: toluene | F574: 456 | G574: C1=C(C=CC=2SC3=C(C21)C=CC=C3)C3=C2C=1C4=C5C(=C6C1N(C2=CC=C3)C=3C=CC=CC36)C3=C(N5C5=C4C=CC=C5)C=CC=C3 | H574: 1 | I574: 461 🙃🙃🙃🙃 IDCz - DBS 🙃🙃🙃🙃 Nem [ nm ]; Table 2. The device performance of several representative indolocarbazole-based EL devices in blue colors.
A575: 760 | B575: (10^-9.0) * Meter^(1.0) | C575: λema | D575: https://doi.org/10.1002/adom.201801071 | F575: 567 | G575: C1(=CC=CC=C1)C1=CC(=NC=2N1N=CN2)C2=CC=C(C=C2)N2C1=CC=CC=C1OC=1C=CC=CC21 | I575: 567 🙃🙃🙃🙃 5TzPmPXZ 🙃🙃🙃🙃 Nema ) [ nm ]; Table 1. Photophysical properties of 5TzPmPXZ, 7TzPmPXZ, and 5,7TzPmPXZ.
A576: 761 | B576: (10^-9.0) * Meter^(1.0) | C576: λemb | D576: https://doi.org/10.1002/adom.201801071 | F576: 527 | G576: C1(=CC=CC=C1)C1=CC(=NC=2N1N=CN2)C2=CC=C(C=C2)N2C1=CC=CC=C1OC=1C=CC=CC21 | I576: 527 🙃🙃🙃🙃 5TzPmPXZ 🙃🙃🙃🙃 Nemb ) [ nm ]; Table 1. Photophysical properties of 5TzPmPXZ, 7TzPmPXZ, and 5,7TzPmPXZ.
A577: 762 | B577: (10^-9.0) * Meter^(1.0) | C577: λema | D577: https://doi.org/10.1002/adom.201801071 | F577: 590 | G577: C1(=CC=CC=C1)C1=NC=2N(C(=C1)C1=CC=C(C=C1)N1C3=CC=CC=C3OC=3C=CC=CC13)N=CN2 | I577: 590 🙃🙃🙃🙃 7TzPmPXZ 🙃🙃🙃🙃 Nema ) [ nm ]; Table 1. Photophysical properties of 5TzPmPXZ, 7TzPmPXZ, and 5,7TzPmPXZ.
A578: 763 | B578: (10^-9.0) * Meter^(1.0) | C578: λemb | D578: https://doi.org/10.1002/adom.201801071 | F578: 532 | G578: C1(=CC=CC=C1)C1=NC=2N(C(=C1)C1=CC=C(C=C1)N1C3=CC=CC=C3OC=3C=CC=CC13)N=CN2 | I578: 532 🙃🙃🙃🙃 7TzPmPXZ 🙃🙃🙃🙃 Nemb ) [ nm ]; Table 1. Photophysical properties of 5TzPmPXZ, 7TzPmPXZ, and 5,7TzPmPXZ.
A579: 764 | B579: (10^-9.0) * Meter^(1.0) | C579: λema | D579: https://doi.org/10.1002/adom.201801071 | F579: 596 | G579: N1=CN=C2N1C(=CC(=N2)C2=CC=C(C=C2)N2C1=CC=CC=C1OC=1C=CC=CC21)C2=CC=C(C=C2)N2C1=CC=CC=C1OC=1C=CC=CC21 | I579: 596 🙃🙃🙃🙃 5,7TzPmPXZ 🙃🙃🙃🙃 Nema ) [ nm ]; Table 1. Photophysical properties of 5TzPmPXZ, 7TzPmPXZ, and 5,7TzPmPXZ.
A580: 765 | B580: (10^-9.0) * Meter^(1.0) | C580: λemb | D580: https://doi.org/10.1002/adom.201801071 | F580: 543 | G580: N1=CN=C2N1C(=CC(=N2)C2=CC=C(C=C2)N2C1=CC=CC=C1OC=1C=CC=CC21)C2=CC=C(C=C2)N2C1=CC=CC=C1OC=1C=CC=CC21 | I580: 543 🙃🙃🙃🙃 5,7TzPmPXZ 🙃🙃🙃🙃 Nemb ) [ nm ]; Table 1. Photophysical properties of 5TzPmPXZ, 7TzPmPXZ, and 5,7TzPmPXZ.
A581: 766 | B581: (10^-9.0) * Meter^(1.0) | C581: λema | D581: https://doi.org/10.1002/adom.201700334 | F581: 504 | G581: CC1(C2=CC=CC=C2N(C=2C=CC=CC12)C1=CC=C(C=C1)S(=O)(=O)C1=CC=C(C=C1)S(=O)(=O)C1=CC=C(C=C1)N1C=2C=CC=CC2C(C2=CC=CC=C12)(C)C)C | I581: 504 🙃🙃🙃🙃 ACR - pBPSB 🙃🙃🙃🙃 Nema ) [ nm ] 🙃🙃🙃🙃 459; Table 2. Photophysical properties and characteristics of ACR-BPSBP and ACR-pBPSB.
A582: 767 | B582: (10^-9.0) * Meter^(1.0) | C582: λemb | D582: https://doi.org/10.1002/adom.201700334 | F582: 521 | G582: CC1(C2=CC=CC=C2N(C=2C=CC=CC12)C1=CC=C(C=C1)S(=O)(=O)C1=CC=C(C=C1)S(=O)(=O)C1=CC=C(C=C1)N1C=2C=CC=CC2C(C2=CC=CC=C12)(C)C)C | I582: 521 🙃🙃🙃🙃 ACR - pBPSB 🙃🙃🙃🙃 Nemb ) [ nm ] 🙃🙃🙃🙃 471; Table 2. Photophysical properties and characteristics of ACR-BPSBP and ACR-pBPSB.
A583: 768 | B583: (10^-9.0) * Meter^(1.0) | C583: λem | D583: https://doi.org/10.1002/adom.201700334 | F583: 490 | G583: CC1(C2=CC=CC=C2N(C=2C=CC=CC12)C1=CC=C(C=C1)S(=O)(=O)C1=CC=C(C=C1)S(=O)(=O)C1=CC=C(C=C1)N1C=2C=CC=CC2C(C2=CC=CC=C12)(C)C)C | I583: 490 🙃🙃🙃🙃 ACR - pBPSB 🙃🙃🙃🙃 Nem ) [ nm ] 🙃🙃🙃🙃 460; Table 2. Photophysical properties and characteristics of ACR-BPSBP and ACR-pBPSB.
A584: 769 | B584: (10^-9.0) * Meter^(1.0) | C584: λpLa | D584: https://doi.org/10.1002/adfm.201908839 | F584: 628 | G584: CC1(C2=CC=CC=C2N(C=2C=CC=CC12)C1=C2C=CC=C3C2=C(C=C1)C1=NC2=CC(=C(C=C2N=C13)C#N)C#N)C | I584: 628 🙃🙃🙃🙃 ANQDC - DMAC 🙃🙃🙃🙃 NpLa ) [ nm ]; Table 1. The physical properties of ANQDC-DMAC and ANQDC-MeFAC.
A585: 770 | B585: (10^-9.0) * Meter^(1.0) | C585: λpLa | D585: https://doi.org/10.1002/adfm.201908839 | E585: DMAC | F585: 647 | G585: CC1=CC2=C(C=C1)N(C1=CC=C(C=C1C21C2=CC=CC=C2C=2C=CC=CC12)C)C1=C2C=CC=C3C2=C(C=C1)C1=NC2=CC(=C(C=C2N=C13)C#N)C#N | I585: 647 🙃🙃🙃🙃 ANQDC - MeFAC 🙃🙃🙃🙃 NpLa ) [ nm ]; Table 1. The physical properties of ANQDC-DMAC and ANQDC-MeFAC.
A586: 771 | B586: (10^-9.0) * Meter^(1.0) | C586: λem | D586: https://doi.org/10.1002/anie.201802060 | E586: THF | F586: 574 | G586: O=C(C1=CC2=C(C=C1)N(C3=CC(C4=CC(N5C6=CC=CC=C6C7=C5C=CC=C7)=CC=C4)=CC=C3)C8=CC=CC=C82)C9=CC=C(C=C9)N%10C%11=C(OC%12=C%10C=CC=C%12)C=CC=C%11 | H586: 1 | I586: 576 🙃🙃🙃🙃 DCB - BP - PXZ 🙃🙃🙃🙃 Solutionlal 🙃🙃🙃🙃 Nem [ nm ]; Table 1: Photophysical properties of DCB-BP-PXZ, CBP-BP-PXZ, mCP-BP-PXZ and mCBP-BP-PX
A587: 772 | B587: (10^-9.0) * Meter^(1.0) | C587: λem | D587: https://doi.org/10.1002/anie.201802060 | E587: THF | F587: 575 | G587: O=C(C1=CC2=C(C=C1)N(C3=CC=CC(N4C5=CC=CC=C5C6=C4C=CC=C6)=C3)C7=CC=CC=C72)C8=CC=C(C=C8)N9C%10=C(OC%11=C9C=CC=C%11)C=CC=C%10 | H587: 1 | I587: 530 🙃🙃🙃🙃 DCB - BP - PXZ 🙃🙃🙃🙃 Neatfilm [ b ] 🙃🙃🙃🙃 Nem [ nm ]; Table 1: Photophysical properties of DCB-BP-PXZ, CBP-BP-PXZ, mCP-BP-PXZ and mCBP-BP-PX
A588: 773 | B588: (10^-9.0) * Meter^(1.0) | C588: PL | D588: https://doi.org/10.1002/chem.201805323 | E588: toluene | F588: 518 | G588: C(C)(C)(C)C=1C=CC=2N(C3=CC=C(C=C3C2C1)C(C)(C)C)C1=NC(=C(C(=C1C#N)C1=CC=C(C=C1)F)C#N)O | I588: 518 / 528 / 500 🙃🙃🙃🙃 9 🙃🙃🙃🙃 PL [ nm ] Toluenela / Film / Hostedfilm ( b ]; ![](images/715f6ec2800ff5a7d3a398033dd26d47a2bdc1848afd38bc298af52e89bc6662.jpg)
A589: 774 | B589: (10^-9.0) * Meter^(1.0) | C589: PL | D589: https://doi.org/10.1002/anie.202016089 | F589: 672 | G589: C1(=CC=CC=C1)N(C1=CC=C(C=C1)C=1C=C2N=C3C4=C(C5=C(C3=NC2=CC1C1=CC=C(C=C1)N(C1=CC=CC=C1)C1=CC=CC=C1)C=C(C(=C5)C#N)C#N)C=C(C(=C4)C#N)C#N)C4=CC=CC=C4 | I589: 672 🙃🙃🙃🙃 1wt % - dopedinmCBP 🙃🙃🙃🙃 PL [ nm ]; Table 1: Fundamental photoluminescence properties of TPA-PZTCN.
A590: 775 | B590: (10^-9.0) * Meter^(1.0) | C590: λem | D590: https://doi.org/10.1002/ajoc.202100780 | F590: 527 | G590: C1(=CC=CC2=CC=CC=C12)N(C1=CC=C(C=C1)C1=CC=C(C=C1)N(C1=CC=CC=C1)C1=CC=CC2=CC=CC=C12)C1=CC=CC=C1 | I590: 527 🙃🙃🙃🙃 1 🙃🙃🙃🙃 Table1 . Summaryofthegeneralphotophysicalpropertiesof1 - 3 . 🙃🙃🙃🙃 Nem [ nm ] a ];
A591: 776 | B591: (10^-9.0) * Meter^(1.0) | C591: λem | D591: https://doi.org/10.1002/ajoc.202100780 | F591: 555 | G591: C1(=CC=CC2=CC=CC=C12)N(C1=CC=C(C=C1)C1=CC=C(C=C1)N(C1=CC=CC=C1)C1=CC=CC2=CC=CC=C12)C1=CC=CC=C1 | I591: 555 🙃🙃🙃🙃 1 🙃🙃🙃🙃 Table1 . Summaryofthegeneralphotophysicalpropertiesof1 - 3 . 🙃🙃🙃🙃 Nem [ nm ] a ];
A592: 777 | B592: (10^-9.0) * Meter^(1.0) | C592: λem | D592: https://doi.org/10.1002/ajoc.202100780 | F592: 555 | G592: C1(=CC=CC2=CC=CC=C12)N(C1=CC=C(C=C1)C1=CC=C(C=C1)N(C1=CC=CC=C1)C1=CC=CC2=CC=CC=C12)C1=CC=CC=C1 | I592: 555 🙃🙃🙃🙃 2 🙃🙃🙃🙃 Table1 . Summaryofthegeneralphotophysicalpropertiesof1 - 3 . 🙃🙃🙃🙃 Nem [ nm ] a ];
A593: 778 | B593: (10^-9.0) * Meter^(1.0) | C593: λem | D593: https://doi.org/10.1002/ajoc.202100780 | F593: 521 | G593: C1(=CC=CC2=CC=CC=C12)N(C1=CC=C(C=C1)C1=CC=C(C=C1)N(C1=CC=CC=C1)C1=CC=CC2=CC=CC=C12)C1=CC=CC=C1 | I593: 521 🙃🙃🙃🙃 2 🙃🙃🙃🙃 Table1 . Summaryofthegeneralphotophysicalpropertiesof1 - 3 . 🙃🙃🙃🙃 Nem [ nm ] a ];
A594: 779 | B594: (10^-9.0) * Meter^(1.0) | C594: λem | D594: https://doi.org/10.1002/ajoc.202100780 | F594: 553 | G594: C1(=CC=CC2=CC=CC=C12)N(C1=CC=C(C=C1)C1=CC=C(C=C1)N(C1=CC=CC=C1)C1=CC=CC2=CC=CC=C12)C1=CC=CC=C1 | I594: 553 🙃🙃🙃🙃 2 🙃🙃🙃🙃 Table1 . Summaryofthegeneralphotophysicalpropertiesof1 - 3 . 🙃🙃🙃🙃 Nem [ nm ] a ];
A595: 780 | B595: (10^-9.0) * Meter^(1.0) | C595: λem | D595: https://doi.org/10.1002/ajoc.202100780 | F595: 551 | G595: C1(=CC=CC2=CC=CC=C12)N(C1=CC=C(C=C1)C1=CC=C(C=C1)N(C1=CC=CC=C1)C1=CC=CC2=CC=CC=C12)C1=CC=CC=C1 | I595: 551 🙃🙃🙃🙃 2 🙃🙃🙃🙃 Table1 . Summaryofthegeneralphotophysicalpropertiesof1 - 3 . 🙃🙃🙃🙃 Nem [ nm ] a ];
A596: 781 | B596: (10^-9.0) * Meter^(1.0) | C596: λem | D596: https://doi.org/10.1002/ajoc.202100780 | F596: 507 | G596: C1(=CC=CC2=CC=CC=C12)N(C1=CC=C(C=C1)C1=CC=C(C=C1)N(C1=CC=CC=C1)C1=CC=CC2=CC=CC=C12)C1=CC=CC=C1 | I596: 507 🙃🙃🙃🙃 2 🙃🙃🙃🙃 Table1 . Summaryofthegeneralphotophysicalpropertiesof1 - 3 . 🙃🙃🙃🙃 Nem [ nm ] a ];
A597: 782 | B597: (10^-9.0) * Meter^(1.0) | C597: λem | D597: https://doi.org/10.1002/ajoc.202100780 | F597: 535 | G597: C1(=CC=CC2=CC=CC=C12)N(C1=CC=C(C=C1)C1=CC=C(C=C1)N(C1=CC=CC=C1)C1=CC=CC2=CC=CC=C12)C1=CC=CC=C1 | I597: 535 🙃🙃🙃🙃 2 🙃🙃🙃🙃 Table1 . Summaryofthegeneralphotophysicalpropertiesof1 - 3 . 🙃🙃🙃🙃 Nem [ nm ] a ];
A598: 783 | B598: (10^-9.0) * Meter^(1.0) | C598: λem | D598: https://doi.org/10.1002/ajoc.202100780 | F598: 529 | G598: C1(=CC=CC2=CC=CC=C12)N(C1=CC=C(C=C1)C1=CC=C(C=C1)N(C1=CC=CC=C1)C1=CC=CC2=CC=CC=C12)C1=CC=CC=C1 | I598: 529 🙃🙃🙃🙃 2 🙃🙃🙃🙃 Table1 . Summaryofthegeneralphotophysicalpropertiesof1 - 3 . 🙃🙃🙃🙃 Nem [ nm ] a ];
A599: 784 | B599: (10^-9.0) * Meter^(1.0) | C599: λemd | D599: https://doi.org/10.1002/adom.202202267 | E599: toluene | F599: 471 | G599: CC1=C(C(=CC=C1)C)N(C=1C=C2C=3B(C=4C=C(C=C5C6=C(N(C3C1)C54)C=CC(=C6)C)C)C6=CC5=C(C=C6N2C2=C(C=CC=C2C)C)C(C2=CC=CC=C25)(C2=CC=CC=C2)C2=CC=CC=C2)C2=CC=5C(C6=CC=CC=C6C5C=C2)(C2=CC=CC=C2)C2=CC=CC=C2 | I599: 471 / 481 🙃🙃🙃🙃 DPMX - CzDABNA 🙃🙃🙃🙃 Nemd ) [ nm ]; Table 1. Physical properties of the blue MR-TADF emitter DPMX-CzDABNA.
A600: 785 | B600: (10^-9.0) * Meter^(1.0) | C600: λpLd | D600: https://doi.org/10.1002/adfm.201802031 | F600: 477 | G600: CC1=CC=2C(C3=CC(=CC=C3NC2C=C1)C)(C1=CC=CC=C1)C1=CC=CC=C1 | I600: 477 🙃🙃🙃🙃 2 🙃🙃🙃🙃 Sola ) 🙃🙃🙃🙃 NpLd ) [ nm ]; Table 1. Photophysical data of dibenzoheteraborin-based TADF emitters 1-4.
A601: 786 | B601: (10^-9.0) * Meter^(1.0) | C601: λpLd | D601: https://doi.org/10.1002/adfm.201802031 | F601: 483 | G601: CC1=CC=2C(C3=CC(=CC=C3NC2C=C1)C)(C1=CC=CC=C1)C1=CC=CC=C1 | I601: 483 🙃🙃🙃🙃 2 🙃🙃🙃🙃 Dopeb ) 🙃🙃🙃🙃 NpLd ) [ nm ]; Table 1. Photophysical data of dibenzoheteraborin-based TADF emitters 1-4.
...

Sheet 3_manual_smiles_added
A1: _id | B1: units | C1: specifier | D1: doi | E1: solvent | F1: standard_value | G1: smiles | H1: corrected | I1: context | J1: url | K1: lowered context | L1: contain
A2: 0 | B2: (10^-9.0) * Meter^(1.0) | C2: λema | D2: https://doi.org/10.1016/j.cej.2022.135775 | E2: toluene | F2: 638 | G2: N1=CC=C(C=C1)C=1C=C2N=C3C(=NC2=CC1C1=CC=NC=C1)C=1C=CC(=C2C=CC=C3C12)N1C2=CC=CC=C2OC=2C=CC=CC12 | H2: 1 | I2: 638 🙃🙃🙃🙃 pDPAPQ - PXZ 🙃🙃🙃🙃 λema [ nm ]; Summary of the photophysical properties of pDPAPQ-PXZ and pDPBPZ-PXZ.
A3: 1 | B3: (10^-9.0) * Meter^(1.0) | C3: λema | D3: https://doi.org/10.1016/j.cej.2022.135775 | E3: toluene | F3: 639 | G3: N1=CC=C(C=C1)C=1C=C2N=C3C4=C(C5=C(C3=NC2=CC1C1=CC=NC=C1)C=CC(=C5)N5C1=CC=CC=C1OC=1C=CC=CC51)C=CC=C4 | H3: 1 | I3: 639 🙃🙃🙃🙃 pDPBPZ - PXZ 🙃🙃🙃🙃 λema [ nm ]; Summary of the photophysical properties of pDPAPQ-PXZ and pDPBPZ-PXZ.
A4: 2 | B4: (10^-9.0) * Meter^(1.0) | C4: λem | D4: https://doi.org/10.1016/j.dyepig.2023.111250 | E4: toluene | F4: 465 | G4: C1(=CC=CC=C1)C1=NC(=NC(=N1)C1=CC=CC=C1)C1=C(C=CC=C1)N1C2=CC=CC=C2C=2C=CC=CC12 | H4: 1 | I4: 402 🙃🙃🙃🙃 oCzTrz 🙃🙃🙃🙃 λem ( nm ) ; Wavelength of the singlet emission at the onset position .; Summary of the electrochemical and photophysical properties of oCzTrz and PhoCzTrz.
A5: 4 | B5: (10^-9.0) * Meter^(1.0) | C5: λPL | D5: https://doi.org/10.1016/j.jphotochem.2024.116046 | E5: toluene | F5: 440 | G5: C(C)(C)(C)C=1C=CC=2N(C3=CC=C(C=C3C2C1)C(C)(C)C)CCCCCCCCC1(C2=CC=CC=C2C=2C=CC(=CC12)C1=C2C=CC=CC2=C(C2=CC=CC=C12)C1=CC=C(C#N)C=C1)CCCCCCCCN1C2=CC=C(C=C2C=2C=C(C=CC12)C(C)(C)C)C(C)(C)C | H5: 0 | I5: 440 / 449 🙃🙃🙃🙃 FAnCN 🙃🙃🙃🙃 λPL ( nm ) sola / filmb; The physical and photophysical data of the emitters.
A6: 5 | B6: (10^-9.0) * Meter^(1.0) | C6: λPL | D6: https://doi.org/10.1016/j.jphotochem.2024.116046 | E6: toluene | F6: 424 | G6: C(C)(C)(C)C=1C=CC=2N(C3=CC=C(C=C3C2C1)C(C)(C)C)CCCCCCCCC1(C2=CC=CC=C2C=2C=CC(=CC12)C1=CC2=C3C=CC=CC3=C(C=C2C=2C=CC=CC12)C1=CC=C(C#N)C=C1)CCCCCCCCN1C2=CC=C(C=C2C=2C=C(C=CC12)C(C)(C)C)C(C)(C)C | H6: 0 | I6: 424 / 439 🙃🙃🙃🙃 FCsCN 🙃🙃🙃🙃 λPL ( nm ) sola / filmb; The physical and photophysical data of the emitters.
A7: 6 | B7: (10^-9.0) * Meter^(1.0) | C7: λem | D7: https://doi.org/10.1016/j.dyepig.2021.109649 | E7: toluene | F7: 536 | G7: CC1(C2=CC=CC=C2N(C=2C=CC=CC12)C1=CC=C(C=C1)C(=O)C1=CC=C(C=C1)SC1=CC=CC=C1)C | H7: 0 | I7: 536 🙃🙃🙃🙃 PT - BZ - DMAC 🙃🙃🙃🙃 λem [ nm ] ; Absorption and PL peak wavelengths in dilute toluene solutions at RT .; Summary of physical parameters of PT-BZ-DMAC and PS-BZ-DMAC.
A8: 7 | B8: (10^-9.0) * Meter^(1.0) | C8: λem | D8: https://doi.org/10.1016/j.dyepig.2021.109649 | E8: toluene | F8: 574 | G8: CC1(C2=CC=CC=C2N(C=2C=CC=CC12)C1=CC=C(C=C1)C(=O)C1=CC=C(C=C1)S(=O)(=O)C1=CC=CC=C1)C | H8: 0 | I8: 574 🙃🙃🙃🙃 PS - BZ - DMAC 🙃🙃🙃🙃 λem [ nm ] ; Absorption and PL peak wavelengths in dilute toluene solutions at RT .; Summary of physical parameters of PT-BZ-DMAC and PS-BZ-DMAC.
A9: 8 | B9: (10^-9.0) * Meter^(1.0) | C9: λPL | D9: https://doi.org/10.1016/j.jlumin.2021.118683 | E9: toluene | F9: 654 | G9: C(C)(C)C1=C(C(=CC=C1)C(C)C)N1C(C2=CC(=CC=3C2=C(C1=O)C=C(C3)N3C=1C=CC=CC1C(C1=CC=CC=C31)(C)C)N3C=1C=CC=CC1C(C1=CC=CC=C31)(C)C)=O | H9: 0 | I9: 654 / 646 / 618 Measured in toluene solutions ( 1 × 10−5 M ) . Measured in neat film . Measured in doped mCPCN film . 🙃🙃🙃🙃 2DN 🙃🙃🙃🙃 λPL [ nm ]; Summaries of physical data of 2DN and 2PN.
A10: 9 | B10: (10^-9.0) * Meter^(1.0) | C10: λPL | D10: https://doi.org/10.1016/j.jlumin.2021.118683 | E10: toluene | F10: 755 | G10: C(C)(C)C1=C(C(=CC=C1)C(C)C)N1C(C2=CC(=CC=3C2=C(C1=O)C=C(C3)N3C1=CC=CC=C1OC=1C=CC=CC31)N3C1=CC=CC=C1OC=1C=CC=CC31)=O | H10: 0 | I10: 755 / 725 / 650 Measured in toluene solutions ( 1 × 10−5 M ) . Measured in neat film . Measured in doped mCPCN film . 🙃🙃🙃🙃 2PN 🙃🙃🙃🙃 λPL [ nm ]; Summaries of physical data of 2DN and 2PN.
A11: 11 | B11: (10^-9.0) * Meter^(1.0) | C11: PL | D11: https://doi.org/10.1016/j.dyepig.2024.112417 | E11: toluene | F11: 440 | G11: C(C)(C)(C)C1=CC=C(C=C1)N(C1=CC=C(C=C1)C=1N(C(=C(N1)C#N)C#N)C)C1=CC=C(C=C1)C(C)(C)C | H11: 0 | I11: 440 / 463 🙃🙃🙃🙃 DCI - TPA 🙃🙃🙃🙃 PL / PL ( nm ) ; Measured in toluene solution . ; Measured in neat films .; Photophysical, electrochemical and thermal properties of the compounds.
A12: 13 | B12: (10^-9.0) * Meter^(1.0) | C12: PL | D12: https://doi.org/10.1016/j.dyepig.2024.112417 | E12: toluene | F12: 457 | G12: C(C)(C)(C)C1=CC=C(C=C1)N(C1=CC=C(C=C1)C1=NC2=C(N1C)C=C(C(=C2)C#N)C#N)C2=CC=C(C=C2)C(C)(C)C | H12: 0 | I12: 457 / 460 🙃🙃🙃🙃 DCBI - TPA 🙃🙃🙃🙃 PL / PL ( nm ) ; Measured in toluene solution . ; Measured in neat films .; Photophysical, electrochemical and thermal properties of the compounds.
A13: 14 | B13: (10^-9.0) * Meter^(1.0) | C13: λem | D13: https://doi.org/10.1016/j.cej.2020.126173 | E13: toluene | F13: 479 | G13: C1(=CC=CC=C1)C1=NC(=NC(=N1)C1=CC=CC=C1)C1=C(C=CC=C1)N1C=2C=CC=CC2C=2C=CC3=C(C12)C1=CC=CC=C1C31C3=CC=CC=C3C=3C=CC=CC31 | H13: 0 | I13: 479 🙃🙃🙃🙃 SF34oTz 🙃🙃🙃🙃 λem ( nm ) c ; Emission peaks in toluene solution ( 1 * 10−5 M ) .; Thermal, electrochemical, and photophysical data of SFxoTzs.
... A514: 645 | B514: (10^-9.0) * Meter^(1.0) | C514: λPL | D514: https://doi.org/10.1039/C4TC02547D | E514: toluene | F514: 405 | G514: C(CCC)C1(C2=CC(=CC=C2C=2C=CC(=CC12)C#CC1=CC=C2C=3C=CC(=CC3C(C2=C1)(CCC)CCC)C#N)C#CC1=CC=C2C=3C=CC(=CC3C(C2=C1)(CCC)CCC)C#N)CCCC | H514: 1 | I514: 434 , 413 🙃🙃🙃🙃 C3FLA -2 🙃🙃🙃🙃 λ PL [ nm ]; Table 1 Thermal, photophysical, and electrochemical characteristics of the novel deep-blue emitter, C3FLA-2, compared with those of the deep-blue emitters C2FLA-1 and MDP3FL
A515: 700 | B515: (10^-9.0) * Meter^(1.0) | C515: λema | D515: https://doi.org/10.1002/adfm.202420489 | F515: 616 | G515: C1(=CC=CC=C1)N(C1=CC=C(C=C1)C1=CC2=C(C3=NC4=CC(=C(C=C4N=C3C3=C2C=CC=C3)C#N)C#N)C=C1)C1=CC=CC=C1 | I515: 616 🙃🙃🙃🙃 DCN - TPA 🙃🙃🙃🙃 Nema ) [ nm ]; Table 1. Summary of the photophysical properties of DCN-TPA and DCN-SAC.
A516: 701 | B516: (10^-9.0) * Meter^(1.0) | C516: λema | D516: https://doi.org/10.1002/adfm.202420489 | F516: 606 | G516: C1(=CC=CC=C1)N1C=2C=CC(=CC2C2(C3=CC=CC=C3C=3C=CC=CC23)C2=CC=CC=C12)C1=CC2=C(C3=NC4=CC(=C(C=C4N=C3C3=C2C=CC=C3)C#N)C#N)C=C1 | I516: 606 🙃🙃🙃🙃 DCN - SAC 🙃🙃🙃🙃 Nema ) [ nm ]; Table 1. Summary of the photophysical properties of DCN-TPA and DCN-SAC.
A517: 702 | B517: (10^-9.0) * Meter^(1.0) | C517: λema | D517: https://doi.org/10.1002/adom.202300368 | F517: 616 | G517: C1(=CC=CC=C1)N(C1=CC=C(C=C1)C1=CC2=C(C3=NC4=CC(=C(C=C4N=C3C3=C2C=CC=C3)C#N)C#N)C=C1)C1=CC=CC=C1 | I517: 616 🙃🙃🙃🙃 DCN - Ph - DPA 🙃🙃🙃🙃 Nema ) [ nm ]; Table 1. Summary of the photophysical properties of DCN-Ph-DPA and DCN-SP-DPA.
A518: 703 | B518: (10^-9.0) * Meter^(1.0) | C518: λema | D518: https://doi.org/10.1002/adom.202300368 | F518: 622 | G518: C1(=CC=CC=C1)N(C1=CC=2C3(C4=CC(=CC=C4C2C=C1)C1=CC2=C(C4=NC5=CC(=C(C=C5N=C4C4=C2C=CC=C4)C#N)C#N)C=C1)C1=CC=CC=C1C=1C=CC=CC13)C1=CC=CC=C1 | I518: 622 🙃🙃🙃🙃 DCN - SP - DPA 🙃🙃🙃🙃 Nema ) [ nm ]; Table 1. Summary of the photophysical properties of DCN-Ph-DPA and DCN-SP-DPA.
A519: 704 | B519: (10^-9.0) * Meter^(1.0) | C519: λem | D519: https://doi.org/10.1002/chem.202401250 | F519: 512 | G519: C1(=CC=CC=C1)C1=NC(=NC(=N1)C1=CC=CC=C1)C1=CC=C(C=C1)N1C=2C=CC(=CC2C(C2=CC(=CC=C12)C1=C(C=CC=C1)F)(C)C)C1=C(C=CC=C1)F | I519: 512 🙃🙃🙃🙃 2,7 - F - Ph - DMAC - TRZ 🙃🙃🙃🙃 Nem [ nm ]; ![](images/174f76d2eeac0b647d07111684f0bde2d1d8c111bcec618cdd15999d7652e4b9.jpg)
A520: 705 | B520: (10^-9.0) * Meter^(1.0) | C520: λem | D520: https://doi.org/10.1002/chem.202401250 | F520: 504 | G520: C1(=CC=CC=C1)C1=NC(=NC(=N1)C1=CC=CC=C1)C1=CC=C(C=C1)N1C=2C=CC(=CC2C(C2=CC(=CC=C12)C1=C(C=CC=C1)C(F)(F)F)(C)C)C1=C(C=CC=C1)C(F)(F)F | I520: 504 🙃🙃🙃🙃 2,7 - CF3 - Ph - DMAC - TRZ 🙃🙃🙃🙃 Nem [ nm ]; ![](images/174f76d2eeac0b647d07111684f0bde2d1d8c111bcec618cdd15999d7652e4b9.jpg)
A521: 706 | B521: (10^-9.0) * Meter^(1.0) | C521: λpLa | D521: https://doi.org/10.1002/adfm.202105805 | F521: 446 | G521: C1=CC=CC=2OC=3C=C(C=C4OC=5C=CC=CC5B(C34)C12)N1C=2C=CC=CC2C2=C3C(=C4N(C=5C=CC=CC5C4=C21)C2=CC=CC=C2)C2=C(O3)C=CC=C2 | I521: 446 🙃🙃🙃🙃 DBA - BFICz 🙃🙃🙃🙃 NpLa ) [ nm ]; Table 1. Photophysical properties of DBA-BFICz and DBA-BTICz.
A522: 707 | B522: (10^-9.0) * Meter^(1.0) | C522: λpLa | D522: https://doi.org/10.1002/adfm.202105805 | F522: 445 | G522: C1=CC=CC=2OC=3C=C(C=C4OC=5C=CC=CC5B(C34)C12)N1C=2C=CC=CC2C2=C3C(=C4N(C=5C=CC=CC5C4=C21)C2=CC=CC=C2)C2=C(S3)C=CC=C2 | I522: 445 🙃🙃🙃🙃 DBA - BTICz 🙃🙃🙃🙃 NpLa ) [ nm ]; Table 1. Photophysical properties of DBA-BFICz and DBA-BTICz.
A523: 708 | B523: (10^-9.0) * Meter^(1.0) | C523: λemb | D523: https://doi.org/10.1002/adom.201700145 | E523: Cyclohexane | F523: 625 | G523: CC1(C2=CC=CC=C2N(C=2C=CC=CC12)C1=CC=C(C=C1)C1=C2C=CC=CC2=C(C2=NSN=C21)C2=CC=C(C=C2)N2C=1C=CC=CC1C(C1=CC=CC=C21)(C)C)C | I523: 625 🙃🙃🙃🙃 Cyclohexane 🙃🙃🙃🙃 Nemb ) [ nm ]; Table 1. Photophysical properties of NZ2AC in different solvents.
A524: 709 | B524: (10^-9.0) * Meter^(1.0) | C524: λemb | D524: https://doi.org/10.1002/adom.201700145 | E524: Toluene | F524: 631 | G524: CC1(C2=CC=CC=C2N(C=2C=CC=CC12)C1=CC=C(C=C1)C1=C2C=CC=CC2=C(C2=NSN=C21)C2=CC=C(C=C2)N2C=1C=CC=CC1C(C1=CC=CC=C21)(C)C)C | I524: 631 🙃🙃🙃🙃 Toluene 🙃🙃🙃🙃 Nemb ) [ nm ]; Table 1. Photophysical properties of NZ2AC in different solvents.
A525: 710 | B525: (10^-9.0) * Meter^(1.0) | C525: λemb | D525: https://doi.org/10.1002/adom.201700145 | E525: Chloroform | F525: 663 | G525: CC1(C2=CC=CC=C2N(C=2C=CC=CC12)C1=CC=C(C=C1)C1=C2C=CC=CC2=C(C2=NSN=C21)C2=CC=C(C=C2)N2C=1C=CC=CC1C(C1=CC=CC=C21)(C)C)C | I525: 663 🙃🙃🙃🙃 Chloroform 🙃🙃🙃🙃 Nemb ) [ nm ]; Table 1. Photophysical properties of NZ2AC in different solvents.
A526: 711 | B526: (10^-9.0) * Meter^(1.0) | C526: λemb | D526: https://doi.org/10.1002/adom.201700145 | E526: Tetrahydrofuran | F526: 668 | G526: CC1(C2=CC=CC=C2N(C=2C=CC=CC12)C1=CC=C(C=C1)C1=C2C=CC=CC2=C(C2=NSN=C21)C2=CC=C(C=C2)N2C=1C=CC=CC1C(C1=CC=CC=C21)(C)C)C | I526: 668 🙃🙃🙃🙃 Tetrahydrofuran 🙃🙃🙃🙃 Nemb ) [ nm ]; Table 1. Photophysical properties of NZ2AC in different solvents.
A527: 712 | B527: (10^-9.0) * Meter^(1.0) | C527: λemb | D527: https://doi.org/10.1002/adom.201700145 | E527: Dichloromethane | F527: 663 | G527: CC1(C2=CC=CC=C2N(C=2C=CC=CC12)C1=CC=C(C=C1)C1=C2C=CC=CC2=C(C2=NSN=C21)C2=CC=C(C=C2)N2C=1C=CC=CC1C(C1=CC=CC=C21)(C)C)C | I527: 663 🙃🙃🙃🙃 Dichloromethane 🙃🙃🙃🙃 Nemb ) [ nm ]; Table 1. Photophysical properties of NZ2AC in different solvents.
A528: 713 | B528: (10^-9.0) * Meter^(1.0) | C528: λem | D528: https://doi.org/10.1002/ange.201600113 | E528: cyclohexane | F528: 457 | G528: CC(C1=CC2=C(N(C3=CC4=CC=C5C(N=C(C(C=CC(N6C7=C(C8=C6C=CC(C(C)(C)C)=C8)C=C(C(C)(C)C)C=C7)=C9)=C9C=C%10)C%10=N5)=C4C=C3)C%11=C2C=C(C(C)(C)C)C=C%11)C=C1)(C)C | H528: 1 | I528: 457 / 509 🙃🙃🙃🙃 t - BuCZ - DBPHZ 🙃🙃🙃🙃 Nem [ nm ] ( in c - hexl @ / in CBP filmb ); Table 1: Summary of properties of DBPHZs.
A529: 714 | B529: (10^-9.0) * Meter^(1.0) | C529: λMax. | D529: https://doi.org/10.1002/advs.201800436 | E529: toluene | F529: 612 | G529: C1=CC=CC=2OC3=CC=CC=C3N(C12)C=1C=CC2=C(C3=C(C4=NC5=C6C(=C7C(=C5N=C24)C=CC=N7)N=CC=C6)C=CC(=C3)N3C6=CC=CC=C6OC=6C=CC=CC36)C1 | H529: 1 | I529: 612 🙃🙃🙃🙃 DPXZ - BPPZ 🙃🙃🙃🙃 NMax . [ nm ] 🙃🙃🙃🙃 NMax . [ nm ]; Table 1. Summary of performances of red TADF OLEDs (ELmax≥670 nm) ).
A530: 715 | B530: (10^-9.0) * Meter^(1.0) | C530: PL | D530: https://doi.org/10.1002/adfm.202411957 | F530: 501 | G530: C1=CC=CC2=C1N1C3=C2C=CC=C3OC=3C=CC=CC13 | I530: 501 🙃🙃🙃🙃 1 🙃🙃🙃🙃 1 🙃🙃🙃🙃 PL [ nm ]; Table 1. Emission characteristics of emitters 1 and 2 doped (xwt-%) in the PPF films.
A531: 716 | B531: (10^-9.0) * Meter^(1.0) | C531: PL | D531: https://doi.org/10.1002/adfm.202411957 | F531: 506 | G531: C1=CC=CC2=C1N1C3=C2C=CC=C3OC=3C=CC=CC13 | I531: 506 🙃🙃🙃🙃 1 🙃🙃🙃🙃 20 🙃🙃🙃🙃 PL [ nm ]; Table 1. Emission characteristics of emitters 1 and 2 doped (xwt-%) in the PPF films.
A532: 717 | B532: (10^-9.0) * Meter^(1.0) | C532: PL | D532: https://doi.org/10.1002/adfm.202411957 | F532: 500 | G532: C1=CC=CC2=C1N1C3=C2C=CC=C3OC=3C=CC=CC13 | I532: 500 🙃🙃🙃🙃 2 🙃🙃🙃🙃 1 🙃🙃🙃🙃 PL [ nm ]; Table 1. Emission characteristics of emitters 1 and 2 doped (xwt-%) in the PPF films.
A533: 718 | B533: (10^-9.0) * Meter^(1.0) | C533: PL | D533: https://doi.org/10.1002/adfm.202411957 | F533: 508 | G533: C1=CC=CC2=C1N1C3=C2C=CC=C3OC=3C=CC=CC13 | I533: 508 🙃🙃🙃🙃 2 🙃🙃🙃🙃 20 🙃🙃🙃🙃 PL [ nm ]; Table 1. Emission characteristics of emitters 1 and 2 doped (xwt-%) in the PPF films.
A534: 719 | B534: (10^-9.0) * Meter^(1.0) | C534: λem | D534: https://doi.org/10.1002/adom.202002019 | E534: THF | F534: 510 | G534: O=C(C1=CC=C(N2C(C=CC=C3)=C3C4(C(C=CC=C5)=C5C6=C4C=CC=C6)C7=C2C=CC=C7)C=C1)C(C=C8C9=C%10C=CC=C9)=CC=C8N%10C(C=C%11)=CC=C%11N%12C%13=CC=CC=C%13C%14=C%12C=CC=C%14 | H534: 1 | I534: 510 🙃🙃🙃🙃 Nem [ nm ] 🙃🙃🙃🙃 solutiona ); Table 1. The photophysical data of DCB-BP-SFAC.
A535: 720 | B535: (10^-9.0) * Meter^(1.0) | C535: λema | D535: https://doi.org/10.1002/adfm.202304398 | E535: toluene | F535: 648 | G535: N#CC(C=C1N=C2C3=C4C=C(C5=CC=C(N(C6=CC=C(C(C=CC=C7)=C7C89C(C=CC=C%10)=C%10C%11=C9C=CC=C%11)C8=C6)C%12=CC=CC=C%12)C=C5)C=C3)=C(C#N)C=C1N=C2C%13=C4C=CC=C%13 | H535: 1 | I535: 648 🙃🙃🙃🙃 DCN - SPTPA 🙃🙃🙃🙃 Nema ) [ nm ]; Table 1. Summary of the photophysical properties of DCN-PhTPA and DCN-SPTPA.
A536: 721 | B536: (10^-9.0) * Meter^(1.0) | C536: λem | D536: https://doi.org/10.1002/adom.201600304 | E536: toluene | F536: 543 | G536: C1=CC=CC=2OC3=CC=CC=C3N(C12)C=1C=NC2=C3N=CC(=CC3=CC=C2C1)N1C2=CC=CC=C2OC=2C=CC=CC12 | H536: 1 | I536: 543 🙃🙃🙃🙃 m - PXZP 🙃🙃🙃🙃 Nem [ nm ] a ); Table 2. Physical properties of ±bx-PXZP.
A537: 722 | B537: (10^-9.0) * Meter^(1.0) | C537: λem | D537: https://doi.org/10.1002/adom.201600304 | E537: toluene | F537: 535 | G537: C1=CC=CC=2OC3=CC=CC=C3N(C12)C1=CC=NC2=C3N=CC=C(C3=CC=C12)N1C2=CC=CC=C2OC=2C=CC=CC12 | H537: 1 | I537: 535 🙃🙃🙃🙃 p - PXZP 🙃🙃🙃🙃 Nem [ nm ] a ); Table 2. Physical properties of ±bx-PXZP.
A538: 723 | B538: (10^-9.0) * Meter^(1.0) | C538: λem | D538: https://doi.org/10.1002/adom.201600304 | E538: toluene | F538: 554 | G538: C1=CC=CC=2OC3=CC=CC=C3N(C12)C1=NC2=C3N=C(C=CC3=CC=C2C=C1)N1C2=CC=CC=C2OC=2C=CC=CC12 | H538: 1 | I538: 535 🙃🙃🙃🙃 o - PXZP 🙃🙃🙃🙃 Nem [ nm ] a ); Table 2. Physical properties of ±bx-PXZP.
A539: 724 | B539: (10^-9.0) * Meter^(1.0) | C539: λem | D539: https://doi.org/10.1002/ange.201906575 | E539: toluene | F539: 607 | G539: C1=CC=NC2=C3C(=C4N=C5C6=C(C7=C(C5=NC4=C21)C=CC=C7)C=C(C=C6)N6C7=CC=CC=C7OC=7C=CC=CC67)C=CC=N3 | H539: 1 | I539: 607 🙃🙃🙃🙃 BPPZ - PXZ 🙃🙃🙃🙃 Nem [ nm ] ( b ]; Tabelle 1: Summary of physical properties of BPPZ-PXZ and mDPBPZ-PXZ.
A540: 725 | B540: (10^-9.0) * Meter^(1.0) | C540: λem | D540: https://doi.org/10.1002/ange.201906575 | F540: 638 | G540: N1=CC(=CC=C1)C=1C=C2N=C3C4=C(C5=C(C3=NC2=CC1C=1C=NC=CC1)C=CC(=C5)N5C1=CC=CC=C1OC=1C=CC=CC51)C=CC=C4 | I540: 638 🙃🙃🙃🙃 mDPBPZ - PXZ 🙃🙃🙃🙃 Nem [ nm ] ( b ]; Tabelle 1: Summary of physical properties of BPPZ-PXZ and mDPBPZ-PXZ.
A541: 726 | B541: (10^-9.0) * Meter^(1.0) | C541: λem | D541: https://doi.org/10.1002/adfm.202002064 | E541: THF | F541: 524 | G541: FC(C1=C(C(=CC=C1)C(F)(F)F)B(C1=CC(=C(C(=C1)OC)N1C2=CC=CC=C2C=2C=CC=CC12)OC)C1=C(C=CC=C1C(F)(F)F)C(F)(F)F)(F)F | I541: 524 🙃🙃🙃🙃 2 🙃🙃🙃🙃 THF 🙃🙃🙃🙃 387 🙃🙃🙃🙃 Nem [ nm ]; Table 2. Photophysical data for compounds 1-5. Calculated gaps are shown in curly brackets.
A542: 727 | B542: (10^-9.0) * Meter^(1.0) | C542: λem | D542: https://doi.org/10.1002/adfm.202002064 | E542: Hexane | F542: 536 | G542: FC(C1=C(C(=CC=C1)C(F)(F)F)B(C1=CC(=C(C(=C1)C)N1C2=CC=CC=C2OC=2C=CC=CC12)C)C1=C(C=CC=C1C(F)(F)F)C(F)(F)F)(F)F | I542: 536 🙃🙃🙃🙃 3 🙃🙃🙃🙃 Hexane 🙃🙃🙃🙃 465 🙃🙃🙃🙃 Nem [ nm ]; Table 2. Photophysical data for compounds 1-5. Calculated gaps are shown in curly brackets.
A543: 728 | B543: (10^-9.0) * Meter^(1.0) | C543: λemb | D543: https://doi.org/10.1002/adfm.201302907 | E543: toluene | F543: 412 | G543: C1(=CC=CC=C1)C1=C2C=CC=CC2=C(C2=CC=CC=C12)C1=CC=C(C=C1)C=1C2=CC=CC=C2C(=C2C=CC=CC12)C1=CC=CC=C1 | I543: 412 / 419 / 420 🙃🙃🙃🙃 BD1 🙃🙃🙃🙃 Nemb ) [ nm ]; Table 1. Physical data of the compounds.
A544: 729 | B544: (10^-9.0) * Meter^(1.0) | C544: λemc | D544: https://doi.org/10.1002/adfm.201302907 | F544: 443 | G544: C1(=CC=CC=C1)C1=C2C=CC=CC2=C(C2=CC=CC=C12)C1=CC=C(C=C1)C=1C2=CC=CC=C2C(=C2C=CC=CC12)C1=CC=CC=C1 | I544: 443 🙃🙃🙃🙃 BD1 🙃🙃🙃🙃 Nemc ) [ nm ]; Table 1. Physical data of the compounds.
A545: 730 | B545: (10^-9.0) * Meter^(1.0) | C545: λem | D545: https://doi.org/10.1002/ange.201802060 | E545: THF | F545: 576 | G545: O=C(C1=CC=C(N2C(C=CC=C3)=C3OC4=C2C=CC=C4)C=C1)C5=CC6=C(N(C7=CC=CC=C76)C(C=C8)=CC=C8N9C%10=CC=CC=C%10C%11=C9C=CC=C%11)C=C5 | H545: 1 | I545: 576 🙃🙃🙃🙃 DCB - BP - PXZ 🙃🙃🙃🙃 Solutionlal 🙃🙃🙃🙃 Nem [ nm ]; Table 1: Photophysical properties of DCB-BP-PXZ, CBP-BP-PXZ, mCP-BP-PXZ and mCBP-BP-PXZ
A546: 731 | B546: (10^-9.0) * Meter^(1.0) | C546: λem | D546: https://doi.org/10.1002/ange.201802060 | E546: THF | F546: 575 | G546: O=C(C1=CC=C(N2C(C=CC=C3)=C3OC4=C2C=CC=C4)C=C1)C5=CC6=C(N(C7=CC=CC=C76)C8=CC=C(C(C=C9)=CC=C9N%10C%11=CC=CC=C%11C%12=C%10C=CC=C%12)C=C8)C=C5 | H546: 1 | I546: 532 🙃🙃🙃🙃 CBP - BP - PXZ 🙃🙃🙃🙃 Neatfilm [ b ] 🙃🙃🙃🙃 Nem [ nm ]; Table 1: Photophysical properties of DCB-BP-PXZ, CBP-BP-PXZ, mCP-BP-PXZ and mCBP-BP-PXZ
A547: 732 | B547: (10^-9.0) * Meter^(1.0) | C547: λemb | D547: https://doi.org/10.1002/adfm.201606384 | E547: Cyclohexane | F547: 640 | G547: N=1SN=C2C1C(=C1C=CC=CC1=C2C2=CC=C(N(C1=CC=CC=C1)C1=CC=CC=C1)C=C2)C2=CC=C(N(C1=CC=CC=C1)C1=CC=CC=C1)C=C2 | H547: 1 | I547: 640 🙃🙃🙃🙃 Cyclohexane 🙃🙃🙃🙃 Nemb ) [ nm ]; Table 2. Photophysical data of NZ2TPA in different solvents.
A548: 733 | B548: (10^-9.0) * Meter^(1.0) | C548: λemb | D548: https://doi.org/10.1002/adfm.201606384 | E548: Toluene | F548: 661 | G548: N=1SN=C2C1C(=C1C=CC=CC1=C2C2=CC=C(N(C1=CC=CC=C1)C1=CC=CC=C1)C=C2)C2=CC=C(N(C1=CC=CC=C1)C1=CC=CC=C1)C=C2 | H548: 1 | I548: 661 🙃🙃🙃🙃 Toluene 🙃🙃🙃🙃 Nemb ) [ nm ]; Table 2. Photophysical data of NZ2TPA in different solvents.
A549: 734 | B549: (10^-9.0) * Meter^(1.0) | C549: λemb | D549: https://doi.org/10.1002/adfm.201606384 | E549: Tetrahydrofuran | F549: 674 | G549: N=1SN=C2C1C(=C1C=CC=CC1=C2C2=CC=C(N(C1=CC=CC=C1)C1=CC=CC=C1)C=C2)C2=CC=C(N(C1=CC=CC=C1)C1=CC=CC=C1)C=C2 | H549: 1 | I549: 674 🙃🙃🙃🙃 Tetrahydrofuran 🙃🙃🙃🙃 Nemb ) [ nm ]; Table 2. Photophysical data of NZ2TPA in different solvents.
A550: 735 | B550: (10^-9.0) * Meter^(1.0) | C550: λemb | D550: https://doi.org/10.1002/adfm.201606384 | E550: Chloroform | F550: 681 | G550: N=1SN=C2C1C(=C1C=CC=CC1=C2C2=CC=C(N(C1=CC=CC=C1)C1=CC=CC=C1)C=C2)C2=CC=C(N(C1=CC=CC=C1)C1=CC=CC=C1)C=C2 | H550: 1 | I550: 681 🙃🙃🙃🙃 Chloroform 🙃🙃🙃🙃 Nemb ) [ nm ]; Table 2. Photophysical data of NZ2TPA in different solvents.
A551: 736 | B551: (10^-9.0) * Meter^(1.0) | C551: λemb | D551: https://doi.org/10.1002/adfm.201606384 | E551: Dichloromethane | F551: 684 | G551: N=1SN=C2C1C(=C1C=CC=CC1=C2C2=CC=C(N(C1=CC=CC=C1)C1=CC=CC=C1)C=C2)C2=CC=C(N(C1=CC=CC=C1)C1=CC=CC=C1)C=C2 | H551: 1 | I551: 684 🙃🙃🙃🙃 Dichloromethane 🙃🙃🙃🙃 Nemb ) [ nm ]; Table 2. Photophysical data of NZ2TPA in different solvents.
A552: 737 | B552: (10^-9.0) * Meter^(1.0) | C552: λem | D552: https://doi.org/10.1002/adom.202001027 | F552: 575 | G552: C1=CC=CC=2C3=CC=CC=C3N(C12)C1=CC=2C(C3=CC(=CC=C3C2C=C1)N1C2=CC=CC=C2C=2C=CC=CC12)(C)C | I552: 575 🙃🙃🙃🙃 DCDMF - BP - PXZ - BP - PXZ 🙃🙃🙃🙃 Solutiona ) 🙃🙃🙃🙃 Nem [ nm ]; Table 1. Photophysical properties, thermal stabilities, and energy levels of DCDMF-BP-PXZ, DCDPF-BP-PXZ, and DCSBF-BP-PXZ.
A553: 738 | B553: (10^-9.0) * Meter^(1.0) | C553: λem | D553: https://doi.org/10.1002/adom.202001027 | F553: 540 | G553: C1=CC=CC=2C3=CC=CC=C3N(C12)C1=CC=2C(C3=CC(=CC=C3C2C=C1)N1C2=CC=CC=C2C=2C=CC=CC12)(C)C | I553: 540 🙃🙃🙃🙃 DCDMF - BP - PXZ - BP - PXZ 🙃🙃🙃🙃 Filmb ) 🙃🙃🙃🙃 Nem [ nm ]; Table 1. Photophysical properties, thermal stabilities, and energy levels of DCDMF-BP-PXZ, DCDPF-BP-PXZ, and DCSBF-BP-PXZ.
A554: 739 | B554: (10^-9.0) * Meter^(1.0) | C554: λem | D554: https://doi.org/10.1002/adom.202001027 | F554: 572 | G554: C1=CC=CC=2C3=CC=CC=C3N(C12)C1=CC=2C(C3=CC(=CC=C3C2C=C1)N1C2=CC=CC=C2C=2C=CC=CC12)(C1=CC=CC=C1)C1=CC=CC=C1 | I554: 572 🙃🙃🙃🙃 DCDPF - BP - PXZ 🙃🙃🙃🙃 Solutiona ) 🙃🙃🙃🙃 Nem [ nm ]; Table 1. Photophysical properties, thermal stabilities, and energy levels of DCDMF-BP-PXZ, DCDPF-BP-PXZ, and DCSBF-BP-PXZ.
A555: 740 | B555: (10^-9.0) * Meter^(1.0) | C555: λem | D555: https://doi.org/10.1002/adom.202001027 | F555: 530 | G555: C1=CC=CC=2C3=CC=CC=C3N(C12)C1=CC=2C(C3=CC(=CC=C3C2C=C1)N1C2=CC=CC=C2C=2C=CC=CC12)(C1=CC=CC=C1)C1=CC=CC=C1 | I555: 530 🙃🙃🙃🙃 DCDPF - BP - PXZ 🙃🙃🙃🙃 Filmb ) 🙃🙃🙃🙃 Nem [ nm ]; Table 1. Photophysical properties, thermal stabilities, and energy levels of DCDMF-BP-PXZ, DCDPF-BP-PXZ, and DCSBF-BP-PXZ.
A556: 741 | B556: (10^-9.0) * Meter^(1.0) | C556: λem | D556: https://doi.org/10.1002/adom.202001027 | F556: 569 | G556: C1=CC=CC=2C3=CC=CC=C3N(C12)C1=CC=2C3(C4=CC(=CC=C4C2C=C1)N1C2=CC=CC=C2C=2C=CC=CC12)C1=CC=CC=C1C=1C=CC=CC13 | I556: 569 🙃🙃🙃🙃 DCSBF - BP - PXZ 🙃🙃🙃🙃 Solutiona ) 🙃🙃🙃🙃 Nem [ nm ]; Table 1. Photophysical properties, thermal stabilities, and energy levels of DCDMF-BP-PXZ, DCDPF-BP-PXZ, and DCSBF-BP-PXZ.
A557: 742 | B557: (10^-9.0) * Meter^(1.0) | C557: λem | D557: https://doi.org/10.1002/adom.202001027 | F557: 527 | G557: C1=CC=CC=2C3=CC=CC=C3N(C12)C1=CC=2C3(C4=CC(=CC=C4C2C=C1)N1C2=CC=CC=C2C=2C=CC=CC12)C1=CC=CC=C1C=1C=CC=CC13 | I557: 527 🙃🙃🙃🙃 DCSBF - BP - PXZ 🙃🙃🙃🙃 Filmb ) 🙃🙃🙃🙃 Nem [ nm ]; Table 1. Photophysical properties, thermal stabilities, and energy levels of DCDMF-BP-PXZ, DCDPF-BP-PXZ, and DCSBF-BP-PXZ.
A558: 743 | B558: (10^-9.0) * Meter^(1.0) | C558: λem | D558: https://doi.org/10.1002/adom.202001027 | F558: 504 | G558: C1=CC=CC=2C3=CC=CC=C3N(C12)C1=CC=2C(C3=CC(=CC=C3C2C=C1)N1C2=CC=CC=C2C=2C=CC=CC12)(C)C | I558: 504 🙃🙃🙃🙃 Nem [ nm ] 🙃🙃🙃🙃 DCDMF - BP - PXZ 🙃🙃🙃🙃 10 wt %; Table 2. Photophysical data of DCDMF-BP-PXZ, DCDPF-BP-PXZ, and DCSBF-BP-PXZ in neat films and doped films (doping concentration =10 and 20wt% .
A559: 744 | B559: (10^-9.0) * Meter^(1.0) | C559: λem | D559: https://doi.org/10.1002/adom.202001027 | F559: 502 | G559: C1=CC=CC=2C3=CC=CC=C3N(C12)C1=CC=2C(C3=CC(=CC=C3C2C=C1)N1C2=CC=CC=C2C=2C=CC=CC12)(C)C | I559: 502 🙃🙃🙃🙃 Nem [ nm ] 🙃🙃🙃🙃 DCDMF - BP - PXZ 🙃🙃🙃🙃 20 wt %; Table 2. Photophysical data of DCDMF-BP-PXZ, DCDPF-BP-PXZ, and DCSBF-BP-PXZ in neat films and doped films (doping concentration =10 and 20wt% .
A560: 745 | B560: (10^-9.0) * Meter^(1.0) | C560: λem | D560: https://doi.org/10.1002/adom.202001027 | F560: 508 | G560: C1=CC=CC=2C3=CC=CC=C3N(C12)C1=CC=2C(C3=CC(=CC=C3C2C=C1)N1C2=CC=CC=C2C=2C=CC=CC12)(C1=CC=CC=C1)C1=CC=CC=C1 | I560: 508 🙃🙃🙃🙃 Nem [ nm ] 🙃🙃🙃🙃 DCDPF - BP - PXZ 🙃🙃🙃🙃 10 wt %; Table 2. Photophysical data of DCDMF-BP-PXZ, DCDPF-BP-PXZ, and DCSBF-BP-PXZ in neat films and doped films (doping concentration =10 and 20wt% .
A561: 746 | B561: (10^-9.0) * Meter^(1.0) | C561: λem | D561: https://doi.org/10.1002/adom.202001027 | F561: 516 | G561: C1=CC=CC=2C3=CC=CC=C3N(C12)C1=CC=2C(C3=CC(=CC=C3C2C=C1)N1C2=CC=CC=C2C=2C=CC=CC12)(C1=CC=CC=C1)C1=CC=CC=C1 | I561: 516 🙃🙃🙃🙃 Nem [ nm ] 🙃🙃🙃🙃 DCDPF - BP - PXZ 🙃🙃🙃🙃 20 wt %; Table 2. Photophysical data of DCDMF-BP-PXZ, DCDPF-BP-PXZ, and DCSBF-BP-PXZ in neat films and doped films (doping concentration =10 and 20wt% .
A562: 747 | B562: (10^-9.0) * Meter^(1.0) | C562: λem | D562: https://doi.org/10.1002/adom.202001027 | F562: 508 | G562: C1=CC=CC=2C3=CC=CC=C3N(C12)C1=CC=2C3(C4=CC(=CC=C4C2C=C1)N1C2=CC=CC=C2C=2C=CC=CC12)C1=CC=CC=C1C=1C=CC=CC13 | I562: 508 🙃🙃🙃🙃 Nem [ nm ] 🙃🙃🙃🙃 DCSBF - BP - PXZ 🙃🙃🙃🙃 10 wt %; Table 2. Photophysical data of DCDMF-BP-PXZ, DCDPF-BP-PXZ, and DCSBF-BP-PXZ in neat films and doped films (doping concentration =10 and 20wt% .
A563: 748 | B563: (10^-9.0) * Meter^(1.0) | C563: λem | D563: https://doi.org/10.1002/adom.202001027 | F563: 522 | G563: C1=CC=CC=2C3=CC=CC=C3N(C12)C1=CC=2C3(C4=CC(=CC=C4C2C=C1)N1C2=CC=CC=C2C=2C=CC=CC12)C1=CC=CC=C1C=1C=CC=CC13 | I563: 522 🙃🙃🙃🙃 Nem [ nm ] 🙃🙃🙃🙃 DCSBF - BP - PXZ 🙃🙃🙃🙃 20 wt %; Table 2. Photophysical data of DCDMF-BP-PXZ, DCDPF-BP-PXZ, and DCSBF-BP-PXZ in neat films and doped films (doping concentration =10 and 20wt% .
... A565: 750 | B565: (10^-9.0) * Meter^(1.0) | C565: λpLa | D565: https://doi.org/10.1002/adom.201901283 | F565: 384 | G565: C1=CC=CC=2C3=CC=CC=C3N(C12)C1=CC=C(C=N1)C=1C=NC(=CC1)N1C2=CC=CC=C2C=2C=CC=CC12 | I565: 384 🙃🙃🙃🙃 3 - CBPy 🙃🙃🙃🙃 NpLa ) [ nm ]; Table 1. Summary of key optoelectronic properties of 3-CBPy and 4-mCBPy
A566: 751 | B566: (10^-9.0) * Meter^(1.0) | C566: λema | D566: https://doi.org/10.1002/adma.202003885 | E566: toluene | F566: 502 | G566: C(C)(C)(C)C1=CC2=C(C=C1)N(C1=CC=CC=C1C21C2=CC=CC=C2C=2C=CC=C(C12)C1=CC=C(C=C1)C1=NC(=NC(=N1)C1=CC=CC=C1)C1=CC=CC=C1)C1=CC=C(C=C1)C(C)(C)C | H566: 1 | I566: 502 🙃🙃🙃🙃 2tDMG 🙃🙃🙃🙃 Nema ) [ nm ]; Table 1. Summary of photophysical, electrochemical, and thermal properties of 2tDMG and 3tDMG.
A567: 752 | B567: (10^-9.0) * Meter^(1.0) | C567: λema | D567: https://doi.org/10.1002/adma.202003885 | E567: toluene | F567: 505 | G567: C(C)(C)(C)C1=CC2=C(C=C1)N(C1=CC=C(C=C1C21C2=CC=CC=C2C=2C=CC=C(C12)C1=CC=C(C=C1)C1=NC(=NC(=N1)C1=CC=CC=C1)C1=CC=CC=C1)C(C)(C)C)C1=CC=C(C=C1)C(C)(C)C | H567: 1 | I567: 505 🙃🙃🙃🙃 3tDMG 🙃🙃🙃🙃 Nema ) [ nm ]; Table 1. Summary of photophysical, electrochemical, and thermal properties of 2tDMG and 3tDMG.
A568: 753 | B568: (10^-9.0) * Meter^(1.0) | C568: λem | D568: https://doi.org/10.1002/adma.202404357 | E568: Toluene | F568: 528 | G568: C(C)(C)C1=C(C(=CC=C1)C(C)C)NC=NC1=C(C=CC=C1C(C)C)C(C)C | I568: 528 🙃🙃🙃🙃 Toluene MeTHF frozen solution 🙃🙃🙃🙃 CMA1 🙃🙃🙃🙃 Nem [ nm ] 🙃🙃🙃🙃; Table 3. Photophysical properties of gold complexes CMA1 and Au1-Au3 in PS matrix and in toluene solution excited at 360nm in all media, where OH/L is an overlap integral between electron and hole wave functions.
A569: 754 | B569: (10^-9.0) * Meter^(1.0) | C569: λem | D569: https://doi.org/10.1002/adma.202307725 | E569: toluene | F569: 550 | G569: C1(=CC=CC=C1)N1C=2C=CC(=CC2C2(C3=CC=CC=C3C=3C=CC=CC23)C2=CC(=CC=C12)C1=CC=C(C=C1)C1=NC2=CC(=C(C=C2N=C1)C#N)C#N)C1=CC=C(C=C1)C1=NC2=CC(=C(C=C2N=C1)C#N)C#N | I569: 550 / 611 / 703 🙃🙃🙃🙃 🙃🙃🙃🙃 Nem a ) / Nemb ) / Nem9 ) [ nm ]; Table 1. Key physical properties of QCN-PhSAC-QCN.
A570: 755 | B570: (10^-9.0) * Meter^(1.0) | C570: λem | D570: https://doi.org/10.1002/adom.202101773 | F570: 452 | G570: C(CCCCCCC)N1C2=CC=CC=C2C=2C(C=3N(C4=CC=CC=C4C3C(C21)C2=CC=CC=C2)CCCCCCCC)C2=CC=CC=C2 | I570: 452 🙃🙃🙃🙃 Ph - C8 🙃🙃🙃🙃 376 🙃🙃🙃🙃 🙃🙃🙃🙃 Nem [ nm ] a ); Table 1. Lifetimes of compounds at crystal state under ambient condition and at 77 .
A571: 756 | B571: (10^-9.0) * Meter^(1.0) | C571: λem | D571: https://doi.org/10.1002/adom.202101773 | F571: 588 | G571: C(CCCCCCC)N1C2=CC=CC=C2C=2C(C=3N(C4=CC=CC=C4C3C(C21)C2=CC=CC=C2)CCCCCCCC)C2=CC=CC=C2 | I571: 588 🙃🙃🙃🙃 Ph - C8 🙃🙃🙃🙃 376 🙃🙃🙃🙃 🙃🙃🙃🙃 Nem [ nm ] c ); Table 1. Lifetimes of compounds at crystal state under ambient condition and at 77 .
A572: 757 | B572: (10^-9.0) * Meter^(1.0) | C572: λem | D572: https://doi.org/10.1002/adom.202101773 | F572: 453 | G572: BrCCCCCCCCN1C2=CC=CC=C2C=2C(C=3N(C4=CC=CC=C4C3C(C21)C2=CC=C(C=C2)Br)CCCCCCCCBr)C2=CC=C(C=C2)Br | I572: 453 🙃🙃🙃🙃 PhBr - C8Br 🙃🙃🙃🙃 355 🙃🙃🙃🙃 505 🙃🙃🙃🙃 Nem [ nm ] a ); Table 1. Lifetimes of compounds at crystal state under ambient condition and at 77 .
A573: 758 | B573: (10^-9.0) * Meter^(1.0) | C573: λem | D573: https://doi.org/10.1002/adom.202101773 | F573: 460 | G573: BrCCCCCCCCN1C2=CC=CC=C2C=2C(C=3N(C4=CC=CC=C4C3C(C21)C2=CC=C(C=C2)Br)CCCCCCCCBr)C2=CC=C(C=C2)Br | I573: 460 🙃🙃🙃🙃 PhBr - C8Br 🙃🙃🙃🙃 355 🙃🙃🙃🙃 505 🙃🙃🙃🙃 Nem [ nm ] c ); Table 1. Lifetimes of compounds at crystal state under ambient condition and at 77 .
A574: 759 | B574: (10^-9.0) * Meter^(1.0) | C574: λem | D574: https://doi.org/10.1002/adma.202408816 | E574: toluene | F574: 456 | G574: C1=C(C=CC=2SC3=C(C21)C=CC=C3)C3=C2C=1C4=C5C(=C6C1N(C2=CC=C3)C=3C=CC=CC36)C3=C(N5C5=C4C=CC=C5)C=CC=C3 | H574: 1 | I574: 461 🙃🙃🙃🙃 IDCz - DBS 🙃🙃🙃🙃 Nem [ nm ]; Table 2. The device performance of several representative indolocarbazole-based EL devices in blue colors.
A575: 760 | B575: (10^-9.0) * Meter^(1.0) | C575: λema | D575: https://doi.org/10.1002/adom.201801071 | F575: 567 | G575: C1(=CC=CC=C1)C1=CC(=NC=2N1N=CN2)C2=CC=C(C=C2)N2C1=CC=CC=C1OC=1C=CC=CC21 | I575: 567 🙃🙃🙃🙃 5TzPmPXZ 🙃🙃🙃🙃 Nema ) [ nm ]; Table 1. Photophysical properties of 5TzPmPXZ, 7TzPmPXZ, and 5,7TzPmPXZ.
A576: 761 | B576: (10^-9.0) * Meter^(1.0) | C576: λemb | D576: https://doi.org/10.1002/adom.201801071 | F576: 527 | G576: C1(=CC=CC=C1)C1=CC(=NC=2N1N=CN2)C2=CC=C(C=C2)N2C1=CC=CC=C1OC=1C=CC=CC21 | I576: 527 🙃🙃🙃🙃 5TzPmPXZ 🙃🙃🙃🙃 Nemb ) [ nm ]; Table 1. Photophysical properties of 5TzPmPXZ, 7TzPmPXZ, and 5,7TzPmPXZ.
A577: 762 | B577: (10^-9.0) * Meter^(1.0) | C577: λema | D577: https://doi.org/10.1002/adom.201801071 | F577: 590 | G577: C1(=CC=CC=C1)C1=NC=2N(C(=C1)C1=CC=C(C=C1)N1C3=CC=CC=C3OC=3C=CC=CC13)N=CN2 | I577: 590 🙃🙃🙃🙃 7TzPmPXZ 🙃🙃🙃🙃 Nema ) [ nm ]; Table 1. Photophysical properties of 5TzPmPXZ, 7TzPmPXZ, and 5,7TzPmPXZ.
A578: 763 | B578: (10^-9.0) * Meter^(1.0) | C578: λemb | D578: https://doi.org/10.1002/adom.201801071 | F578: 532 | G578: C1(=CC=CC=C1)C1=NC=2N(C(=C1)C1=CC=C(C=C1)N1C3=CC=CC=C3OC=3C=CC=CC13)N=CN2 | I578: 532 🙃🙃🙃🙃 7TzPmPXZ 🙃🙃🙃🙃 Nemb ) [ nm ]; Table 1. Photophysical properties of 5TzPmPXZ, 7TzPmPXZ, and 5,7TzPmPXZ.
A579: 764 | B579: (10^-9.0) * Meter^(1.0) | C579: λema | D579: https://doi.org/10.1002/adom.201801071 | F579: 596 | G579: N1=CN=C2N1C(=CC(=N2)C2=CC=C(C=C2)N2C1=CC=CC=C1OC=1C=CC=CC21)C2=CC=C(C=C2)N2C1=CC=CC=C1OC=1C=CC=CC21 | I579: 596 🙃🙃🙃🙃 5,7TzPmPXZ 🙃🙃🙃🙃 Nema ) [ nm ]; Table 1. Photophysical properties of 5TzPmPXZ, 7TzPmPXZ, and 5,7TzPmPXZ.
A580: 765 | B580: (10^-9.0) * Meter^(1.0) | C580: λemb | D580: https://doi.org/10.1002/adom.201801071 | F580: 543 | G580: N1=CN=C2N1C(=CC(=N2)C2=CC=C(C=C2)N2C1=CC=CC=C1OC=1C=CC=CC21)C2=CC=C(C=C2)N2C1=CC=CC=C1OC=1C=CC=CC21 | I580: 543 🙃🙃🙃🙃 5,7TzPmPXZ 🙃🙃🙃🙃 Nemb ) [ nm ]; Table 1. Photophysical properties of 5TzPmPXZ, 7TzPmPXZ, and 5,7TzPmPXZ.
A581: 766 | B581: (10^-9.0) * Meter^(1.0) | C581: λema | D581: https://doi.org/10.1002/adom.201700334 | F581: 504 | G581: CC1(C2=CC=CC=C2N(C=2C=CC=CC12)C1=CC=C(C=C1)S(=O)(=O)C1=CC=C(C=C1)S(=O)(=O)C1=CC=C(C=C1)N1C=2C=CC=CC2C(C2=CC=CC=C12)(C)C)C | I581: 504 🙃🙃🙃🙃 ACR - pBPSB 🙃🙃🙃🙃 Nema ) [ nm ] 🙃🙃🙃🙃 459; Table 2. Photophysical properties and characteristics of ACR-BPSBP and ACR-pBPSB.
A582: 767 | B582: (10^-9.0) * Meter^(1.0) | C582: λemb | D582: https://doi.org/10.1002/adom.201700334 | F582: 521 | G582: CC1(C2=CC=CC=C2N(C=2C=CC=CC12)C1=CC=C(C=C1)S(=O)(=O)C1=CC=C(C=C1)S(=O)(=O)C1=CC=C(C=C1)N1C=2C=CC=CC2C(C2=CC=CC=C12)(C)C)C | I582: 521 🙃🙃🙃🙃 ACR - pBPSB 🙃🙃🙃🙃 Nemb ) [ nm ] 🙃🙃🙃🙃 471; Table 2. Photophysical properties and characteristics of ACR-BPSBP and ACR-pBPSB.
A583: 768 | B583: (10^-9.0) * Meter^(1.0) | C583: λem | D583: https://doi.org/10.1002/adom.201700334 | F583: 490 | G583: CC1(C2=CC=CC=C2N(C=2C=CC=CC12)C1=CC=C(C=C1)S(=O)(=O)C1=CC=C(C=C1)S(=O)(=O)C1=CC=C(C=C1)N1C=2C=CC=CC2C(C2=CC=CC=C12)(C)C)C | I583: 490 🙃🙃🙃🙃 ACR - pBPSB 🙃🙃🙃🙃 Nem ) [ nm ] 🙃🙃🙃🙃 460; Table 2. Photophysical properties and characteristics of ACR-BPSBP and ACR-pBPSB.
A584: 769 | B584: (10^-9.0) * Meter^(1.0) | C584: λpLa | D584: https://doi.org/10.1002/adfm.201908839 | F584: 628 | G584: CC1(C2=CC=CC=C2N(C=2C=CC=CC12)C1=C2C=CC=C3C2=C(C=C1)C1=NC2=CC(=C(C=C2N=C13)C#N)C#N)C | I584: 628 🙃🙃🙃🙃 ANQDC - DMAC 🙃🙃🙃🙃 NpLa ) [ nm ]; Table 1. The physical properties of ANQDC-DMAC and ANQDC-MeFAC.
A585: 770 | B585: (10^-9.0) * Meter^(1.0) | C585: λpLa | D585: https://doi.org/10.1002/adfm.201908839 | E585: DMAC | F585: 647 | G585: CC1=CC2=C(C=C1)N(C1=CC=C(C=C1C21C2=CC=CC=C2C=2C=CC=CC12)C)C1=C2C=CC=C3C2=C(C=C1)C1=NC2=CC(=C(C=C2N=C13)C#N)C#N | I585: 647 🙃🙃🙃🙃 ANQDC - MeFAC 🙃🙃🙃🙃 NpLa ) [ nm ]; Table 1. The physical properties of ANQDC-DMAC and ANQDC-MeFAC.
A586: 771 | B586: (10^-9.0) * Meter^(1.0) | C586: λem | D586: https://doi.org/10.1002/anie.201802060 | E586: THF | F586: 574 | G586: O=C(C1=CC2=C(C=C1)N(C3=CC(C4=CC(N5C6=CC=CC=C6C7=C5C=CC=C7)=CC=C4)=CC=C3)C8=CC=CC=C82)C9=CC=C(C=C9)N%10C%11=C(OC%12=C%10C=CC=C%12)C=CC=C%11 | H586: 1 | I586: 576 🙃🙃🙃🙃 DCB - BP - PXZ 🙃🙃🙃🙃 Solutionlal 🙃🙃🙃🙃 Nem [ nm ]; Table 1: Photophysical properties of DCB-BP-PXZ, CBP-BP-PXZ, mCP-BP-PXZ and mCBP-BP-PX
A587: 772 | B587: (10^-9.0) * Meter^(1.0) | C587: λem | D587: https://doi.org/10.1002/anie.201802060 | E587: THF | F587: 575 | G587: O=C(C1=CC2=C(C=C1)N(C3=CC=CC(N4C5=CC=CC=C5C6=C4C=CC=C6)=C3)C7=CC=CC=C72)C8=CC=C(C=C8)N9C%10=C(OC%11=C9C=CC=C%11)C=CC=C%10 | H587: 1 | I587: 530 🙃🙃🙃🙃 DCB - BP - PXZ 🙃🙃🙃🙃 Neatfilm [ b ] 🙃🙃🙃🙃 Nem [ nm ]; Table 1: Photophysical properties of DCB-BP-PXZ, CBP-BP-PXZ, mCP-BP-PXZ and mCBP-BP-PX
A588: 773 | B588: (10^-9.0) * Meter^(1.0) | C588: PL | D588: https://doi.org/10.1002/chem.201805323 | E588: toluene | F588: 518 | G588: C(C)(C)(C)C=1C=CC=2N(C3=CC=C(C=C3C2C1)C(C)(C)C)C1=NC(=C(C(=C1C#N)C1=CC=C(C=C1)F)C#N)O | I588: 518 / 528 / 500 🙃🙃🙃🙃 9 🙃🙃🙃🙃 PL [ nm ] Toluenela / Film / Hostedfilm ( b ]; ![](images/715f6ec2800ff5a7d3a398033dd26d47a2bdc1848afd38bc298af52e89bc6662.jpg)
A589: 774 | B589: (10^-9.0) * Meter^(1.0) | C589: PL | D589: https://doi.org/10.1002/anie.202016089 | F589: 672 | G589: C1(=CC=CC=C1)N(C1=CC=C(C=C1)C=1C=C2N=C3C4=C(C5=C(C3=NC2=CC1C1=CC=C(C=C1)N(C1=CC=CC=C1)C1=CC=CC=C1)C=C(C(=C5)C#N)C#N)C=C(C(=C4)C#N)C#N)C4=CC=CC=C4 | I589: 672 🙃🙃🙃🙃 1wt % - dopedinmCBP 🙃🙃🙃🙃 PL [ nm ]; Table 1: Fundamental photoluminescence properties of TPA-PZTCN.
A590: 775 | B590: (10^-9.0) * Meter^(1.0) | C590: λem | D590: https://doi.org/10.1002/ajoc.202100780 | F590: 527 | G590: C1(=CC=CC2=CC=CC=C12)N(C1=CC=C(C=C1)C1=CC=C(C=C1)N(C1=CC=CC=C1)C1=CC=CC2=CC=CC=C12)C1=CC=CC=C1 | I590: 527 🙃🙃🙃🙃 1 🙃🙃🙃🙃 Table1 . Summaryofthegeneralphotophysicalpropertiesof1 - 3 . 🙃🙃🙃🙃 Nem [ nm ] a ];
A591: 776 | B591: (10^-9.0) * Meter^(1.0) | C591: λem | D591: https://doi.org/10.1002/ajoc.202100780 | F591: 555 | G591: C1(=CC=CC2=CC=CC=C12)N(C1=CC=C(C=C1)C1=CC=C(C=C1)N(C1=CC=CC=C1)C1=CC=CC2=CC=CC=C12)C1=CC=CC=C1 | I591: 555 🙃🙃🙃🙃 1 🙃🙃🙃🙃 Table1 . Summaryofthegeneralphotophysicalpropertiesof1 - 3 . 🙃🙃🙃🙃 Nem [ nm ] a ];
A592: 777 | B592: (10^-9.0) * Meter^(1.0) | C592: λem | D592: https://doi.org/10.1002/ajoc.202100780 | F592: 555 | G592: C1(=CC=CC2=CC=CC=C12)N(C1=CC=C(C=C1)C1=CC=C(C=C1)N(C1=CC=CC=C1)C1=CC=CC2=CC=CC=C12)C1=CC=CC=C1 | I592: 555 🙃🙃🙃🙃 2 🙃🙃🙃🙃 Table1 . Summaryofthegeneralphotophysicalpropertiesof1 - 3 . 🙃🙃🙃🙃 Nem [ nm ] a ];
A593: 778 | B593: (10^-9.0) * Meter^(1.0) | C593: λem | D593: https://doi.org/10.1002/ajoc.202100780 | F593: 521 | G593: C1(=CC=CC2=CC=CC=C12)N(C1=CC=C(C=C1)C1=CC=C(C=C1)N(C1=CC=CC=C1)C1=CC=CC2=CC=CC=C12)C1=CC=CC=C1 | I593: 521 🙃🙃🙃🙃 2 🙃🙃🙃🙃 Table1 . Summaryofthegeneralphotophysicalpropertiesof1 - 3 . 🙃🙃🙃🙃 Nem [ nm ] a ];
A594: 779 | B594: (10^-9.0) * Meter^(1.0) | C594: λem | D594: https://doi.org/10.1002/ajoc.202100780 | F594: 553 | G594: C1(=CC=CC2=CC=CC=C12)N(C1=CC=C(C=C1)C1=CC=C(C=C1)N(C1=CC=CC=C1)C1=CC=CC2=CC=CC=C12)C1=CC=CC=C1 | I594: 553 🙃🙃🙃🙃 2 🙃🙃🙃🙃 Table1 . Summaryofthegeneralphotophysicalpropertiesof1 - 3 . 🙃🙃🙃🙃 Nem [ nm ] a ];
A595: 780 | B595: (10^-9.0) * Meter^(1.0) | C595: λem | D595: https://doi.org/10.1002/ajoc.202100780 | F595: 551 | G595: C1(=CC=CC2=CC=CC=C12)N(C1=CC=C(C=C1)C1=CC=C(C=C1)N(C1=CC=CC=C1)C1=CC=CC2=CC=CC=C12)C1=CC=CC=C1 | I595: 551 🙃🙃🙃🙃 2 🙃🙃🙃🙃 Table1 . Summaryofthegeneralphotophysicalpropertiesof1 - 3 . 🙃🙃🙃🙃 Nem [ nm ] a ];
A596: 781 | B596: (10^-9.0) * Meter^(1.0) | C596: λem | D596: https://doi.org/10.1002/ajoc.202100780 | F596: 507 | G596: C1(=CC=CC2=CC=CC=C12)N(C1=CC=C(C=C1)C1=CC=C(C=C1)N(C1=CC=CC=C1)C1=CC=CC2=CC=CC=C12)C1=CC=CC=C1 | I596: 507 🙃🙃🙃🙃 2 🙃🙃🙃🙃 Table1 . Summaryofthegeneralphotophysicalpropertiesof1 - 3 . 🙃🙃🙃🙃 Nem [ nm ] a ];
A597: 782 | B597: (10^-9.0) * Meter^(1.0) | C597: λem | D597: https://doi.org/10.1002/ajoc.202100780 | F597: 535 | G597: C1(=CC=CC2=CC=CC=C12)N(C1=CC=C(C=C1)C1=CC=C(C=C1)N(C1=CC=CC=C1)C1=CC=CC2=CC=CC=C12)C1=CC=CC=C1 | I597: 535 🙃🙃🙃🙃 2 🙃🙃🙃🙃 Table1 . Summaryofthegeneralphotophysicalpropertiesof1 - 3 . 🙃🙃🙃🙃 Nem [ nm ] a ];
A598: 783 | B598: (10^-9.0) * Meter^(1.0) | C598: λem | D598: https://doi.org/10.1002/ajoc.202100780 | F598: 529 | G598: C1(=CC=CC2=CC=CC=C12)N(C1=CC=C(C=C1)C1=CC=C(C=C1)N(C1=CC=CC=C1)C1=CC=CC2=CC=CC=C12)C1=CC=CC=C1 | I598: 529 🙃🙃🙃🙃 2 🙃🙃🙃🙃 Table1 . Summaryofthegeneralphotophysicalpropertiesof1 - 3 . 🙃🙃🙃🙃 Nem [ nm ] a ];
A599: 784 | B599: (10^-9.0) * Meter^(1.0) | C599: λemd | D599: https://doi.org/10.1002/adom.202202267 | E599: toluene | F599: 471 | G599: CC1=C(C(=CC=C1)C)N(C=1C=C2C=3B(C=4C=C(C=C5C6=C(N(C3C1)C54)C=CC(=C6)C)C)C6=CC5=C(C=C6N2C2=C(C=CC=C2C)C)C(C2=CC=CC=C25)(C2=CC=CC=C2)C2=CC=CC=C2)C2=CC=5C(C6=CC=CC=C6C5C=C2)(C2=CC=CC=C2)C2=CC=CC=C2 | I599: 471 / 481 🙃🙃🙃🙃 DPMX - CzDABNA 🙃🙃🙃🙃 Nemd ) [ nm ]; Table 1. Physical properties of the blue MR-TADF emitter DPMX-CzDABNA.
A600: 785 | B600: (10^-9.0) * Meter^(1.0) | C600: λpLd | D600: https://doi.org/10.1002/adfm.201802031 | F600: 477 | G600: CC1=CC=2C(C3=CC(=CC=C3NC2C=C1)C)(C1=CC=CC=C1)C1=CC=CC=C1 | I600: 477 🙃🙃🙃🙃 2 🙃🙃🙃🙃 Sola ) 🙃🙃🙃🙃 NpLd ) [ nm ]; Table 1. Photophysical data of dibenzoheteraborin-based TADF emitters 1-4.
A601: 786 | B601: (10^-9.0) * Meter^(1.0) | C601: λpLd | D601: https://doi.org/10.1002/adfm.201802031 | F601: 483 | G601: CC1=CC=2C(C3=CC(=CC=C3NC2C=C1)C)(C1=CC=CC=C1)C1=CC=CC=C1 | I601: 483 🙃🙃🙃🙃 2 🙃🙃🙃🙃 Dopeb ) 🙃🙃🙃🙃 NpLd ) [ nm ]; Table 1. Photophysical data of dibenzoheteraborin-based TADF emitters 1-4.
...

Sheet 4_ml_cols_only
A1: _id | B1: doi | C1: solvent | D1: standard_value | E1: smiles | F1: corrected
A2: 0 | B2: https://doi.org/10.1016/j.cej.2022.135775 | C2: toluene | D2: 638 | E2: N1=CC=C(C=C1)C=1C=C2N=C3C(=NC2=CC1C1=CC=NC=C1)C=1C=CC(=C2C=CC=C3C12)N1C2=CC=CC=C2OC=2C=CC=CC12 | F2: 1
A3: 1 | B3: https://doi.org/10.1016/j.cej.2022.135775 | C3: toluene | D3: 639 | E3: N1=CC=C(C=C1)C=1C=C2N=C3C4=C(C5=C(C3=NC2=CC1C1=CC=NC=C1)C=CC(=C5)N5C1=CC=CC=C1OC=1C=CC=CC51)C=CC=C4 | F3: 1
A4: 2 | B4: https://doi.org/10.1016/j.dyepig.2023.111250 | C4: toluene | D4: 465 | E4: C1(=CC=CC=C1)C1=NC(=NC(=N1)C1=CC=CC=C1)C1=C(C=CC=C1)N1C2=CC=CC=C2C=2C=CC=CC12 | F4: 1
A5: 17 | B5: https://doi.org/10.1016/j.cej.2020.127591 | C5: toluene | D5: 415 | E5: C1=CC=CC=2C=3C=CC4=C(C3N(C12)C1=NC=C(N=C1)N1C=2C=CC=CC2C=2C=CC3=C(C12)OC1=C3C=CC=C1)OC1=C4C=CC=C1 | F5: 1
A6: 18 | B6: https://doi.org/10.1016/j.cej.2020.127591 | C6: toluene | D6: 444 | E6: C1=C2C=3C4=C(C=CC3N(C2=CC=C1)C1=NC=C(N=C1)N1C2=CC=CC=C2C=2C3=C(C=CC12)C1=C(O3)C=CC=C1)C1=C(O4)C=CC=C1 | F6: 1
A7: 19 | B7: https://doi.org/10.1016/j.cej.2020.127591 | C7: toluene | D7: 444 | E7: C1=CC=CC2=C1C=1C(=CC=C3C4=CC=CC=C4N(C13)C1=NC=C(N=C1)N1C3=CC=CC=C3C3=CC=C4C(=C13)C1=C(O4)C=CC=C1)O2 | F7: 1
A8: 20 | B8: https://doi.org/10.1016/j.cej.2020.127591 | C8: toluene | D8: 456 | E8: C1=CC=CC=2C=3C=CC4=C(C3N(C12)C1=NC=C(N=C1)N1C=2C=CC=CC2C=2C=CC3=C(C12)SC1=C3C=CC=C1)SC1=C4C=CC=C1 | F8: 1
A9: 21 | B9: https://doi.org/10.1016/j.cej.2020.127591 | C9: toluene | D9: 444 | E9: C1=C2C=3C4=C(C=CC3N(C2=CC=C1)C1=NC=C(N=C1)N1C2=CC=CC=C2C=2C3=C(C=CC12)C1=C(S3)C=CC=C1)C1=C(S4)C=CC=C1 | F9: 1
A10: 22 | B10: https://doi.org/10.1016/j.cej.2020.127591 | C10: toluene | D10: 454 | E10: C1=CC(=CC=2C3=CC=CC=C3N(C12)C1=NC=C(N=C1)N1C2=CC=CC=C2C=2C=C(C=CC12)N1C2=CC=CC=C2C=2C=CC=CC12)N1C2=CC=CC=C2C=2C=CC=CC12 | F10: 1
A11: 66 | B11: https://doi.org/10.1016/j.dyepig.2018.09.072 | C11: toluene | D11: 459 | E11: C1=CC=CC=2C3=CC=CC=C3N(C12)C1=C(C=CC=C1)C1=NC(=NC(=N1)C1=CC=CC=C1)C1=CC=C(C=C1)C1=NC(=NC(=N1)C1=C(C=CC=C1)N1C2=CC=CC=C2C=2C=CC=CC12)C1=CC=CC=C1 | F11: 1
A12: 67 | B12: https://doi.org/10.1016/j.dyepig.2018.09.072 | C12: toluene | D12: 477 | E12: C(C)(C)(C)C=1C=CC=2N(C3=CC=C(C=C3C2C1)C(C)(C)C)C1=C(C=CC=C1)C1=NC(=NC(=N1)C1=CC=CC=C1)C1=CC=C(C=C1)C1=NC(=NC(=N1)C1=C(C=CC=C1)N1C2=CC=C(C=C2C=2C=C(C=CC12)C(C)(C)C)C(C)(C)C)C1=CC=CC=C1 | F12: 1
A13: 91 | B13: https://doi.org/10.1016/j.cej.2023.146326 | C13: THF | D13: 500 | E13: C1=CC=CC=2C3=CC=CC=C3N(C12)C=1C=C(C=C(C1)N1C2=CC=CC=C2C=2C=CC=CC12)S(=O)(=O)C=1C=C(C=C(C1)N1C=2C=CC=CC2C(C2=CC=CC=C12)(C)C)N1C=2C=CC=CC2C(C2=CC=CC=C12)(C)C | F13: 1
... A646: 646 | B646: https://doi.org/10.1039/C4TC02547D | C646: dichloromethane | D646: 401 | E646: C(CC)C1(C2=CC=CC=C2C=2C=CC(=CC12)C#CC1=CC=C2C=3C=CC(=CC3C(C2=C1)(CCC)CCC)C#N)CCC | F646: 0
A647: 700 | B647: https://doi.org/10.1002/adfm.202420489 | D647: 616 | E647: C1(=CC=CC=C1)N(C1=CC=C(C=C1)C1=CC2=C(C3=NC4=CC(=C(C=C4N=C3C3=C2C=CC=C3)C#N)C#N)C=C1)C1=CC=CC=C1 | F647: 0
A648: 701 | B648: https://doi.org/10.1002/adfm.202420489 | D648: 606 | E648: C1(=CC=CC=C1)N1C=2C=CC(=CC2C2(C3=CC=CC=C3C=3C=CC=CC23)C2=CC=CC=C12)C1=CC2=C(C3=NC4=CC(=C(C=C4N=C3C3=C2C=CC=C3)C#N)C#N)C=C1 | F648: 0
A649: 702 | B649: https://doi.org/10.1002/adom.202300368 | D649: 616 | E649: C1(=CC=CC=C1)N(C1=CC=C(C=C1)C1=CC2=C(C3=NC4=CC(=C(C=C4N=C3C3=C2C=CC=C3)C#N)C#N)C=C1)C1=CC=CC=C1 | F649: 0
A650: 703 | B650: https://doi.org/10.1002/adom.202300368 | D650: 622 | E650: C1(=CC=CC=C1)N(C1=CC=2C3(C4=CC(=CC=C4C2C=C1)C1=CC2=C(C4=NC5=CC(=C(C=C5N=C4C4=C2C=CC=C4)C#N)C#N)C=C1)C1=CC=CC=C1C=1C=CC=CC13)C1=CC=CC=C1 | F650: 0
A651: 704 | B651: https://doi.org/10.1002/chem.202401250 | D651: 512 | E651: C1(=CC=CC=C1)C1=NC(=NC(=N1)C1=CC=CC=C1)C1=CC=C(C=C1)N1C=2C=CC(=CC2C(C2=CC(=CC=C12)C1=C(C=CC=C1)F)(C)C)C1=C(C=CC=C1)F | F651: 0
A652: 705 | B652: https://doi.org/10.1002/chem.202401250 | D652: 504 | E652: C1(=CC=CC=C1)C1=NC(=NC(=N1)C1=CC=CC=C1)C1=CC=C(C=C1)N1C=2C=CC(=CC2C(C2=CC(=CC=C12)C1=C(C=CC=C1)C(F)(F)F)(C)C)C1=C(C=CC=C1)C(F)(F)F | F652: 0
A653: 706 | B653: https://doi.org/10.1002/adfm.202105805 | D653: 446 | E653: C1=CC=CC=2OC=3C=C(C=C4OC=5C=CC=CC5B(C34)C12)N1C=2C=CC=CC2C2=C3C(=C4N(C=5C=CC=CC5C4=C21)C2=CC=CC=C2)C2=C(O3)C=CC=C2 | F653: 0
A654: 707 | B654: https://doi.org/10.1002/adfm.202105805 | D654: 445 | E654: C1=CC=CC=2OC=3C=C(C=C4OC=5C=CC=CC5B(C34)C12)N1C=2C=CC=CC2C2=C3C(=C4N(C=5C=CC=CC5C4=C21)C2=CC=CC=C2)C2=C(S3)C=CC=C2 | F654: 0
A655: 708 | B655: https://doi.org/10.1002/adom.201700145 | C655: Cyclohexane | D655: 625 | E655: CC1(C2=CC=CC=C2N(C=2C=CC=CC12)C1=CC=C(C=C1)C1=C2C=CC=CC2=C(C2=NSN=C21)C2=CC=C(C=C2)N2C=1C=CC=CC1C(C1=CC=CC=C21)(C)C)C | F655: 0
A656: 709 | B656: https://doi.org/10.1002/adom.201700145 | C656: Toluene | D656: 631 | E656: CC1(C2=CC=CC=C2N(C=2C=CC=CC12)C1=CC=C(C=C1)C1=C2C=CC=CC2=C(C2=NSN=C21)C2=CC=C(C=C2)N2C=1C=CC=CC1C(C1=CC=CC=C21)(C)C)C | F656: 0
A657: 710 | B657: https://doi.org/10.1002/adom.201700145 | C657: Chloroform | D657: 663 | E657: CC1(C2=CC=CC=C2N(C=2C=CC=CC12)C1=CC=C(C=C1)C1=C2C=CC=CC2=C(C2=NSN=C21)C2=CC=C(C=C2)N2C=1C=CC=CC1C(C1=CC=CC=C21)(C)C)C | F657: 0
A658: 711 | B658: https://doi.org/10.1002/adom.201700145 | C658: Tetrahydrofuran | D658: 668 | E658: CC1(C2=CC=CC=C2N(C=2C=CC=CC12)C1=CC=C(C=C1)C1=C2C=CC=CC2=C(C2=NSN=C21)C2=CC=C(C=C2)N2C=1C=CC=CC1C(C1=CC=CC=C21)(C)C)C | F658: 0
A659: 712 | B659: https://doi.org/10.1002/adom.201700145 | C659: Dichloromethane | D659: 663 | E659: CC1(C2=CC=CC=C2N(C=2C=CC=CC12)C1=CC=C(C=C1)C1=C2C=CC=CC2=C(C2=NSN=C21)C2=CC=C(C=C2)N2C=1C=CC=CC1C(C1=CC=CC=C21)(C)C)C | F659: 0
A660: 715 | B660: https://doi.org/10.1002/adfm.202411957 | D660: 501 | E660: C1=CC=CC2=C1N1C3=C2C=CC=C3OC=3C=CC=CC13 | F660: 0
A661: 716 | B661: https://doi.org/10.1002/adfm.202411957 | D661: 506 | E661: C1=CC=CC2=C1N1C3=C2C=CC=C3OC=3C=CC=CC13 | F661: 0
A662: 717 | B662: https://doi.org/10.1002/adfm.202411957 | D662: 500 | E662: C1=CC=CC2=C1N1C3=C2C=CC=C3OC=3C=CC=CC13 | F662: 0
A663: 718 | B663: https://doi.org/10.1002/adfm.202411957 | D663: 508 | E663: C1=CC=CC2=C1N1C3=C2C=CC=C3OC=3C=CC=CC13 | F663: 0
A664: 725 | B664: https://doi.org/10.1002/ange.201906575 | D664: 638 | E664: N1=CC(=CC=C1)C=1C=C2N=C3C4=C(C5=C(C3=NC2=CC1C=1C=NC=CC1)C=CC(=C5)N5C1=CC=CC=C1OC=1C=CC=CC51)C=CC=C4 | F664: 0
A665: 726 | B665: https://doi.org/10.1002/adfm.202002064 | C665: THF | D665: 524 | E665: FC(C1=C(C(=CC=C1)C(F)(F)F)B(C1=CC(=C(C(=C1)OC)N1C2=CC=CC=C2C=2C=CC=CC12)OC)C1=C(C=CC=C1C(F)(F)F)C(F)(F)F)(F)F | F665: 0
A666: 727 | B666: https://doi.org/10.1002/adfm.202002064 | C666: Hexane | D666: 536 | E666: FC(C1=C(C(=CC=C1)C(F)(F)F)B(C1=CC(=C(C(=C1)C)N1C2=CC=CC=C2OC=2C=CC=CC12)C)C1=C(C=CC=C1C(F)(F)F)C(F)(F)F)(F)F | F666: 0
A667: 728 | B667: https://doi.org/10.1002/adfm.201302907 | C667: toluene | D667: 412 | E667: C1(=CC=CC=C1)C1=C2C=CC=CC2=C(C2=CC=CC=C12)C1=CC=C(C=C1)C=1C2=CC=CC=C2C(=C2C=CC=CC12)C1=CC=CC=C1 | F667: 0
A668: 729 | B668: https://doi.org/10.1002/adfm.201302907 | D668: 443 | E668: C1(=CC=CC=C1)C1=C2C=CC=CC2=C(C2=CC=CC=C12)C1=CC=C(C=C1)C=1C2=CC=CC=C2C(=C2C=CC=CC12)C1=CC=CC=C1 | F668: 0
A669: 737 | B669: https://doi.org/10.1002/adom.202001027 | D669: 575 | E669: C1=CC=CC=2C3=CC=CC=C3N(C12)C1=CC=2C(C3=CC(=CC=C3C2C=C1)N1C2=CC=CC=C2C=2C=CC=CC12)(C)C | F669: 0
A670: 738 | B670: https://doi.org/10.1002/adom.202001027 | D670: 540 | E670: C1=CC=CC=2C3=CC=CC=C3N(C12)C1=CC=2C(C3=CC(=CC=C3C2C=C1)N1C2=CC=CC=C2C=2C=CC=CC12)(C)C | F670: 0
A671: 739 | B671: https://doi.org/10.1002/adom.202001027 | D671: 572 | E671: C1=CC=CC=2C3=CC=CC=C3N(C12)C1=CC=2C(C3=CC(=CC=C3C2C=C1)N1C2=CC=CC=C2C=2C=CC=CC12)(C1=CC=CC=C1)C1=CC=CC=C1 | F671: 0
A672: 740 | B672: https://doi.org/10.1002/adom.202001027 | D672: 530 | E672: C1=CC=CC=2C3=CC=CC=C3N(C12)C1=CC=2C(C3=CC(=CC=C3C2C=C1)N1C2=CC=CC=C2C=2C=CC=CC12)(C1=CC=CC=C1)C1=CC=CC=C1 | F672: 0
A673: 741 | B673: https://doi.org/10.1002/adom.202001027 | D673: 569 | E673: C1=CC=CC=2C3=CC=CC=C3N(C12)C1=CC=2C3(C4=CC(=CC=C4C2C=C1)N1C2=CC=CC=C2C=2C=CC=CC12)C1=CC=CC=C1C=1C=CC=CC13 | F673: 0
A674: 742 | B674: https://doi.org/10.1002/adom.202001027 | D674: 527 | E674: C1=CC=CC=2C3=CC=CC=C3N(C12)C1=CC=2C3(C4=CC(=CC=C4C2C=C1)N1C2=CC=CC=C2C=2C=CC=CC12)C1=CC=CC=C1C=1C=CC=CC13 | F674: 0
A675: 743 | B675: https://doi.org/10.1002/adom.202001027 | D675: 504 | E675: C1=CC=CC=2C3=CC=CC=C3N(C12)C1=CC=2C(C3=CC(=CC=C3C2C=C1)N1C2=CC=CC=C2C=2C=CC=CC12)(C)C | F675: 0
A676: 744 | B676: https://doi.org/10.1002/adom.202001027 | D676: 502 | E676: C1=CC=CC=2C3=CC=CC=C3N(C12)C1=CC=2C(C3=CC(=CC=C3C2C=C1)N1C2=CC=CC=C2C=2C=CC=CC12)(C)C | F676: 0
A677: 745 | B677: https://doi.org/10.1002/adom.202001027 | D677: 508 | E677: C1=CC=CC=2C3=CC=CC=C3N(C12)C1=CC=2C(C3=CC(=CC=C3C2C=C1)N1C2=CC=CC=C2C=2C=CC=CC12)(C1=CC=CC=C1)C1=CC=CC=C1 | F677: 0
A678: 746 | B678: https://doi.org/10.1002/adom.202001027 | D678: 516 | E678: C1=CC=CC=2C3=CC=CC=C3N(C12)C1=CC=2C(C3=CC(=CC=C3C2C=C1)N1C2=CC=CC=C2C=2C=CC=CC12)(C1=CC=CC=C1)C1=CC=CC=C1 | F678: 0
A679: 747 | B679: https://doi.org/10.1002/adom.202001027 | D679: 508 | E679: C1=CC=CC=2C3=CC=CC=C3N(C12)C1=CC=2C3(C4=CC(=CC=C4C2C=C1)N1C2=CC=CC=C2C=2C=CC=CC12)C1=CC=CC=C1C=1C=CC=CC13 | F679: 0
... A682: 750 | B682: https://doi.org/10.1002/adom.201901283 | D682: 384 | E682: C1=CC=CC=2C3=CC=CC=C3N(C12)C1=CC=C(C=N1)C=1C=NC(=CC1)N1C2=CC=CC=C2C=2C=CC=CC12 | F682: 0
A683: 753 | B683: https://doi.org/10.1002/adma.202404357 | C683: Toluene | D683: 528 | E683: C(C)(C)C1=C(C(=CC=C1)C(C)C)NC=NC1=C(C=CC=C1C(C)C)C(C)C | F683: 0
A684: 754 | B684: https://doi.org/10.1002/adma.202307725 | C684: toluene | D684: 550 | E684: C1(=CC=CC=C1)N1C=2C=CC(=CC2C2(C3=CC=CC=C3C=3C=CC=CC23)C2=CC(=CC=C12)C1=CC=C(C=C1)C1=NC2=CC(=C(C=C2N=C1)C#N)C#N)C1=CC=C(C=C1)C1=NC2=CC(=C(C=C2N=C1)C#N)C#N | F684: 0
A685: 755 | B685: https://doi.org/10.1002/adom.202101773 | D685: 452 | E685: C(CCCCCCC)N1C2=CC=CC=C2C=2C(C=3N(C4=CC=CC=C4C3C(C21)C2=CC=CC=C2)CCCCCCCC)C2=CC=CC=C2 | F685: 0
A686: 756 | B686: https://doi.org/10.1002/adom.202101773 | D686: 588 | E686: C(CCCCCCC)N1C2=CC=CC=C2C=2C(C=3N(C4=CC=CC=C4C3C(C21)C2=CC=CC=C2)CCCCCCCC)C2=CC=CC=C2 | F686: 0
A687: 757 | B687: https://doi.org/10.1002/adom.202101773 | D687: 453 | E687: BrCCCCCCCCN1C2=CC=CC=C2C=2C(C=3N(C4=CC=CC=C4C3C(C21)C2=CC=C(C=C2)Br)CCCCCCCCBr)C2=CC=C(C=C2)Br | F687: 0
A688: 758 | B688: https://doi.org/10.1002/adom.202101773 | D688: 460 | E688: BrCCCCCCCCN1C2=CC=CC=C2C=2C(C=3N(C4=CC=CC=C4C3C(C21)C2=CC=C(C=C2)Br)CCCCCCCCBr)C2=CC=C(C=C2)Br | F688: 0
A689: 760 | B689: https://doi.org/10.1002/adom.201801071 | D689: 567 | E689: C1(=CC=CC=C1)C1=CC(=NC=2N1N=CN2)C2=CC=C(C=C2)N2C1=CC=CC=C1OC=1C=CC=CC21 | F689: 0
A690: 761 | B690: https://doi.org/10.1002/adom.201801071 | D690: 527 | E690: C1(=CC=CC=C1)C1=CC(=NC=2N1N=CN2)C2=CC=C(C=C2)N2C1=CC=CC=C1OC=1C=CC=CC21 | F690: 0
A691: 762 | B691: https://doi.org/10.1002/adom.201801071 | D691: 590 | E691: C1(=CC=CC=C1)C1=NC=2N(C(=C1)C1=CC=C(C=C1)N1C3=CC=CC=C3OC=3C=CC=CC13)N=CN2 | F691: 0
A692: 763 | B692: https://doi.org/10.1002/adom.201801071 | D692: 532 | E692: C1(=CC=CC=C1)C1=NC=2N(C(=C1)C1=CC=C(C=C1)N1C3=CC=CC=C3OC=3C=CC=CC13)N=CN2 | F692: 0
A693: 764 | B693: https://doi.org/10.1002/adom.201801071 | D693: 596 | E693: N1=CN=C2N1C(=CC(=N2)C2=CC=C(C=C2)N2C1=CC=CC=C1OC=1C=CC=CC21)C2=CC=C(C=C2)N2C1=CC=CC=C1OC=1C=CC=CC21 | F693: 0
A694: 765 | B694: https://doi.org/10.1002/adom.201801071 | D694: 543 | E694: N1=CN=C2N1C(=CC(=N2)C2=CC=C(C=C2)N2C1=CC=CC=C1OC=1C=CC=CC21)C2=CC=C(C=C2)N2C1=CC=CC=C1OC=1C=CC=CC21 | F694: 0
A695: 766 | B695: https://doi.org/10.1002/adom.201700334 | D695: 504 | E695: CC1(C2=CC=CC=C2N(C=2C=CC=CC12)C1=CC=C(C=C1)S(=O)(=O)C1=CC=C(C=C1)S(=O)(=O)C1=CC=C(C=C1)N1C=2C=CC=CC2C(C2=CC=CC=C12)(C)C)C | F695: 0
A696: 767 | B696: https://doi.org/10.1002/adom.201700334 | D696: 521 | E696: CC1(C2=CC=CC=C2N(C=2C=CC=CC12)C1=CC=C(C=C1)S(=O)(=O)C1=CC=C(C=C1)S(=O)(=O)C1=CC=C(C=C1)N1C=2C=CC=CC2C(C2=CC=CC=C12)(C)C)C | F696: 0
... A698: 769 | B698: https://doi.org/10.1002/adfm.201908839 | D698: 628 | E698: CC1(C2=CC=CC=C2N(C=2C=CC=CC12)C1=C2C=CC=C3C2=C(C=C1)C1=NC2=CC(=C(C=C2N=C13)C#N)C#N)C | F698: 0
A699: 770 | B699: https://doi.org/10.1002/adfm.201908839 | C699: toluene | D699: 647 | E699: CC1=CC2=C(C=C1)N(C1=CC=C(C=C1C21C2=CC=CC=C2C=2C=CC=CC12)C)C1=C2C=CC=C3C2=C(C=C1)C1=NC2=CC(=C(C=C2N=C13)C#N)C#N | F699: 1
A700: 773 | B700: https://doi.org/10.1002/chem.201805323 | C700: toluene | D700: 518 | E700: C(C)(C)(C)C=1C=CC=2N(C3=CC=C(C=C3C2C1)C(C)(C)C)C1=NC(=C(C(=C1C#N)C1=CC=C(C=C1)F)C#N)O | F700: 0
A701: 774 | B701: https://doi.org/10.1002/anie.202016089 | D701: 672 | E701: C1(=CC=CC=C1)N(C1=CC=C(C=C1)C=1C=C2N=C3C4=C(C5=C(C3=NC2=CC1C1=CC=C(C=C1)N(C1=CC=CC=C1)C1=CC=CC=C1)C=C(C(=C5)C#N)C#N)C=C(C(=C4)C#N)C#N)C4=CC=CC=C4 | F701: 0
A702: 775 | B702: https://doi.org/10.1002/ajoc.202100780 | D702: 527 | E702: C1(=CC=CC2=CC=CC=C12)N(C1=CC=C(C=C1)C1=CC=C(C=C1)N(C1=CC=CC=C1)C1=CC=CC2=CC=CC=C12)C1=CC=CC=C1 | F702: 0
A703: 776 | B703: https://doi.org/10.1002/ajoc.202100780 | D703: 555 | E703: C1(=CC=CC2=CC=CC=C12)N(C1=CC=C(C=C1)C1=CC=C(C=C1)N(C1=CC=CC=C1)C1=CC=CC2=CC=CC=C12)C1=CC=CC=C1 | F703: 0
A704: 777 | B704: https://doi.org/10.1002/ajoc.202100780 | D704: 555 | E704: C1(=CC=CC2=CC=CC=C12)N(C1=CC=C(C=C1)C1=CC=C(C=C1)N(C1=CC=CC=C1)C1=CC=CC2=CC=CC=C12)C1=CC=CC=C1 | F704: 0
A705: 778 | B705: https://doi.org/10.1002/ajoc.202100780 | D705: 521 | E705: C1(=CC=CC2=CC=CC=C12)N(C1=CC=C(C=C1)C1=CC=C(C=C1)N(C1=CC=CC=C1)C1=CC=CC2=CC=CC=C12)C1=CC=CC=C1 | F705: 0
A706: 779 | B706: https://doi.org/10.1002/ajoc.202100780 | D706: 553 | E706: C1(=CC=CC2=CC=CC=C12)N(C1=CC=C(C=C1)C1=CC=C(C=C1)N(C1=CC=CC=C1)C1=CC=CC2=CC=CC=C12)C1=CC=CC=C1 | F706: 0
A707: 780 | B707: https://doi.org/10.1002/ajoc.202100780 | D707: 551 | E707: C1(=CC=CC2=CC=CC=C12)N(C1=CC=C(C=C1)C1=CC=C(C=C1)N(C1=CC=CC=C1)C1=CC=CC2=CC=CC=C12)C1=CC=CC=C1 | F707: 0
A708: 781 | B708: https://doi.org/10.1002/ajoc.202100780 | D708: 507 | E708: C1(=CC=CC2=CC=CC=C12)N(C1=CC=C(C=C1)C1=CC=C(C=C1)N(C1=CC=CC=C1)C1=CC=CC2=CC=CC=C12)C1=CC=CC=C1 | F708: 0
A709: 782 | B709: https://doi.org/10.1002/ajoc.202100780 | D709: 535 | E709: C1(=CC=CC2=CC=CC=C12)N(C1=CC=C(C=C1)C1=CC=C(C=C1)N(C1=CC=CC=C1)C1=CC=CC2=CC=CC=C12)C1=CC=CC=C1 | F709: 0
A710: 783 | B710: https://doi.org/10.1002/ajoc.202100780 | D710: 529 | E710: C1(=CC=CC2=CC=CC=C12)N(C1=CC=C(C=C1)C1=CC=C(C=C1)N(C1=CC=CC=C1)C1=CC=CC2=CC=CC=C12)C1=CC=CC=C1 | F710: 0
A711: 784 | B711: https://doi.org/10.1002/adom.202202267 | C711: toluene | D711: 471 | E711: CC1=C(C(=CC=C1)C)N(C=1C=C2C=3B(C=4C=C(C=C5C6=C(N(C3C1)C54)C=CC(=C6)C)C)C6=CC5=C(C=C6N2C2=C(C=CC=C2C)C)C(C2=CC=CC=C25)(C2=CC=CC=C2)C2=CC=CC=C2)C2=CC=5C(C6=CC=CC=C6C5C=C2)(C2=CC=CC=C2)C2=CC=CC=C2 | F711: 0
A712: 785 | B712: https://doi.org/10.1002/adfm.201802031 | D712: 477 | E712: CC1=CC=2C(C3=CC(=CC=C3NC2C=C1)C)(C1=CC=CC=C1)C1=CC=CC=C1 | F712: 0
A713: 786 | B713: https://doi.org/10.1002/adfm.201802031 | D713: 483 | E713: CC1=CC=2C(C3=CC(=CC=C3NC2C=C1)C)(C1=CC=CC=C1)C1=CC=CC=C1 | F713: 0
A714: 787 | B714: https://doi.org/10.1002/adfm.201802031 | D714: 466 | E714: CC1=CC=2C(C3=CC(=CC=C3NC2C=C1)C)(C1=CC=CC=C1)C1=CC=CC=C1 | F714: 0

Sheet 5_canonical_solvent_smiles
A1: _id | B1: doi | C1: solvent | D1: standard_value | E1: smiles | F1: corrected | G1: canonical_smiles | H1: solvent_smiles
A2: 295 | B2: https://doi.org/10.1039/D4MH00400K | C2: toluene | D2: 531 | E2: BrC1=C(C=C(C(=C1)N1C2=CC=CC=C2OC=2C=CC=CC12)Br)N1C2=CC=CC=C2OC=2C=CC=CC12 | F2: 0 | G2: Brc1cc(N2c3ccccc3Oc3ccccc32)c(Br)cc1N1c2ccccc2Oc2ccccc21 | H2: Cc1ccccc1
A3: 542 | B3: https://doi.org/10.1039/C7QM00605E | C3: dichloromethane | D3: 420 | E3: BrC=1C=CC=2N(C3=CC=CC=C3C2C1)C1=CC=C(C=C1)C1=NC(=NC(=N1)C1=CC=CC=C1)C1=CC=CC=C1 | F3: 0 | G3: Brc1ccc2c(c1)c1ccccc1n2-c1ccc(-c2nc(-c3ccccc3)nc(-c3ccccc3)n2)cc1 | H3: ClCCl
A4: 757 | B4: https://doi.org/10.1002/adom.202101773 | D4: 453 | E4: BrCCCCCCCCN1C2=CC=CC=C2C=2C(C=3N(C4=CC=CC=C4C3C(C21)C2=CC=C(C=C2)Br)CCCCCCCCBr)C2=CC=C(C=C2)Br | F4: 0 | G4: BrCCCCCCCCn1c2c(c3ccccc31)C(c1ccc(Br)cc1)c1c(c3ccccc3n1CCCCCCCCBr)C2c1ccc(Br)cc1
A5: 758 | B5: https://doi.org/10.1002/adom.202101773 | D5: 460 | E5: BrCCCCCCCCN1C2=CC=CC=C2C=2C(C=3N(C4=CC=CC=C4C3C(C21)C2=CC=C(C=C2)Br)CCCCCCCCBr)C2=CC=C(C=C2)Br | F5: 0 | G5: BrCCCCCCCCn1c2c(c3ccccc31)C(c1ccc(Br)cc1)c1c(c3ccccc3n1CCCCCCCCBr)C2c1ccc(Br)cc1
A6: 314 | B6: https://doi.org/10.1039/D2TC01319C | C6: THF | D6: 422 | E6: C1(=CC=CC=C1)N(C1=CC=C(C=C1)N1C(=NC2=C1C1=CC=CC=C1C=1C=CC=CC12)/C=C/C1=CC=C(C=C1)C1=CC=C(C=C1)N(C1=CC=CC=C1)C1=CC=C(C=C1)C1=CC=C(C=C1)\C=C\C1=NC2=C(N1C1=CC=C(C=C1)N(C1=CC=CC=C1)C1=CC=CC=C1)C1=CC=CC=C1C=1C=CC=CC12)C1=CC=CC=C1 | F6: 1 | G6: C(=C/c1nc2c3ccccc3c3ccccc3c2n1-c1ccc(N(c2ccccc2)c2ccccc2)cc1)\c1ccc(-c2ccc(N(c3ccccc3)c3ccc(-c4ccc(/C=C/c5nc6c7ccccc7c7ccccc7c6n5-c5ccc(N(c6ccccc6)c6ccccc6)cc5)cc4)cc3)cc2)cc1 | H6: C1CCOC1
A7: 222 | B7: https://doi.org/10.1016/j.dyepig.2020.108624 | C7: DCM | D7: 507 | E7: C1=CC=CC=2C3=CC=CC=C3N(C12)C1=C(C#N)C(=C(C(=C1N1C2=CC=CC=C2C=2C(=CC=CC12)OCC1=CC=C(C=C1)C=C)N1C2=CC=CC=C2C=2C=CC=CC12)N1C2=CC=CC=C2C=2C(=CC=CC12)OCC1=CC=C(C=C1)C=C)N1C2=CC=CC=C2C=2C=CC=CC12 | F7: 0 | G7: C=Cc1ccc(COc2cccc3c2c2ccccc2n3-c2c(-n3c4ccccc4c4ccccc43)c(C#N)c(-n3c4ccccc4c4ccccc43)c(-n3c4ccccc4c4c(OCc5ccc(C=C)cc5)cccc43)c2-n2c3ccccc3c3ccccc32)cc1 | H7: ClCCl
A8: 223 | B8: https://doi.org/10.1016/j.dyepig.2020.108624 | C8: DCM | D8: 514 | E8: C1=CC=CC=2C3=CC=CC=C3N(C12)C1=C(C#N)C(=C(C(=C1N1C2=CC=CC=C2C=2C(=CC=CC12)OCCCCCCN1C2=CC=CC=C2C=2C(=CC=CC12)OCC1=CC=C(C=C1)C=C)N1C2=CC=CC=C2C=2C=CC=CC12)N1C2=CC=CC=C2C=2C(=CC=CC12)OCCCCCCN1C2=CC=CC=C2C=2C(=CC=CC12)OCC1=CC=C(C=C1)C=C)N1C2=CC=CC=C2C=2C=CC=CC12 | F8: 0 | G8: C=Cc1ccc(COc2cccc3c2c2ccccc2n3CCCCCCOc2cccc3c2c2ccccc2n3-c2c(-n3c4ccccc4c4ccccc43)c(C#N)c(-n3c4ccccc4c4ccccc43)c(-n3c4ccccc4c4c(OCCCCCCn5c6ccccc6c6c(OCc7ccc(C=C)cc7)cccc65)cccc43)c2-n2c3ccccc3c3ccccc32)cc1 | H8: ClCCl
A9: 261 | B9: https://doi.org/10.1016/j.orgel.2022.106442 | C9: toluene | D9: 452 | E9: C(=C)C1=CC=C(COC2=CC=CC=3N(C4=CC=CC=C4C23)CCCCCCOC2=CC=CC=3N(C4=CC=CC=C4C23)C2=C(C#N)C(=CC=C2)N2C3=CC=CC=C3C=3C(=CC=CC23)OCCCCCCN2C3=CC=CC=C3C=3C(=CC=CC23)OCC2=CC=C(C=C2)C=C)C=C1 | F9: 0 | G9: C=Cc1ccc(COc2cccc3c2c2ccccc2n3CCCCCCOc2cccc3c2c2ccccc2n3-c2cccc(-n3c4ccccc4c4c(OCCCCCCn5c6ccccc6c6c(OCc7ccc(C=C)cc7)cccc65)cccc43)c2C#N)cc1 | H9: Cc1ccccc1
A10: 283 | B10: https://doi.org/10.1016/j.synthmet.2024.117551 | C10: toluene | D10: 369 | E10: C1=CC=C(C=2OC3=C(C21)C=CC=C3)C3=C(C=CC=C3)C3=CC(=CC=C3)N3C2=CC=CC=C2C=2C=CC=CC32 | F10: 1 | G10: c1cc(-c2ccccc2-c2cccc3c2oc2ccccc23)cc(-n2c3ccccc3c3ccccc32)c1 | H10: Cc1ccccc1
A11: 549 | B11: https://doi.org/10.1039/C6TC00385K | C11: chloroform | D11: 379 | E11: C1=CC=CC=2C3=CC=CC=C3N(C12)C1=CC(=CC=C1)N1C2=CC=CC=C2C=2C=CC=CC12 | F11: 0 | G11: c1cc(-n2c3ccccc3c3ccccc32)cc(-n2c3ccccc3c3ccccc32)c1 | H11: ClC(Cl)Cl
A12: 586 | B12: https://doi.org/10.1039/D4TC00988F | C12: toluene | D12: 545 | E12: C1=CC=CC=2C3=CC=CC=C3N(C12)C1=C2N=C3C(=NC2=C(C(=C1N1C2=CC=CC=C2C=2C=CC=CC12)N1C2=CC=CC=C2C=2C=CC=CC12)N1C2=CC=CC=C2C=2C=CC=CC12)C=1C=CC=C2C=CC=C3C12 | F12: 0 | G12: c1cc2c3c(cccc3c1)-c1nc3c(-n4c5ccccc5c5ccccc54)c(-n4c5ccccc5c5ccccc54)c(-n4c5ccccc5c5ccccc54)c(-n4c5ccccc5c5ccccc54)c3nc1-2 | H12: Cc1ccccc1
A13: 845 | B13: https://doi.org/10.1039/D3QO01788E | C13: CH2Cl2 | D13: 482 | E13: C12=CC=CC(C3=C4C5=CC=C3)=C1N(C4=CC=C5)C6=C2C=CC=C6 | F13: 1 | G13: c1cc2cccc3c2c(c1)c1cccc2c4ccccc4n3c12 | H13: ClCCl
A14: 853 | B14: https://doi.org/10.1039/D3TA05930H | C14: Cyclohexane | D14: 440 | E14: C1=CC=C2C=CC=C3C4=CC=CC5=CC=CC(C1=C23)=C45 | F14: 1 | G14: c1cc2cccc3c4cccc5cccc(c(c1)c23)c54 | H14: C1CCCCC1
A15: 739 | B15: https://doi.org/10.1002/adom.202001027 | D15: 572 | E15: C1=CC=CC=2C3=CC=CC=C3N(C12)C1=CC=2C(C3=CC(=CC=C3C2C=C1)N1C2=CC=CC=C2C=2C=CC=CC12)(C1=CC=CC=C1)C1=CC=CC=C1 | F15: 0 | G15: c1ccc(C2(c3ccccc3)c3cc(-n4c5ccccc5c5ccccc54)ccc3-c3ccc(-n4c5ccccc5c5ccccc54)cc32)cc1
A16: 740 | B16: https://doi.org/10.1002/adom.202001027 | D16: 530 | E16: C1=CC=CC=2C3=CC=CC=C3N(C12)C1=CC=2C(C3=CC(=CC=C3C2C=C1)N1C2=CC=CC=C2C=2C=CC=CC12)(C1=CC=CC=C1)C1=CC=CC=C1 | F16: 0 | G16: c1ccc(C2(c3ccccc3)c3cc(-n4c5ccccc5c5ccccc54)ccc3-c3ccc(-n4c5ccccc5c5ccccc54)cc32)cc1
A17: 745 | B17: https://doi.org/10.1002/adom.202001027 | D17: 508 | E17: C1=CC=CC=2C3=CC=CC=C3N(C12)C1=CC=2C(C3=CC(=CC=C3C2C=C1)N1C2=CC=CC=C2C=2C=CC=CC12)(C1=CC=CC=C1)C1=CC=CC=C1 | F17: 0 | G17: c1ccc(C2(c3ccccc3)c3cc(-n4c5ccccc5c5ccccc54)ccc3-c3ccc(-n4c5ccccc5c5ccccc54)cc32)cc1
A18: 746 | B18: https://doi.org/10.1002/adom.202001027 | D18: 516 | E18: C1=CC=CC=2C3=CC=CC=C3N(C12)C1=CC=2C(C3=CC(=CC=C3C2C=C1)N1C2=CC=CC=C2C=2C=CC=CC12)(C1=CC=CC=C1)C1=CC=CC=C1 | F18: 0 | G18: c1ccc(C2(c3ccccc3)c3cc(-n4c5ccccc5c5ccccc54)ccc3-c3ccc(-n4c5ccccc5c5ccccc54)cc32)cc1
A19: 728 | B19: https://doi.org/10.1002/adfm.201302907 | C19: toluene | D19: 412 | E19: C1(=CC=CC=C1)C1=C2C=CC=CC2=C(C2=CC=CC=C12)C1=CC=C(C=C1)C=1C2=CC=CC=C2C(=C2C=CC=CC12)C1=CC=CC=C1 | F19: 0 | G19: c1ccc(-c2c3ccccc3c(-c3ccc(-c4c5ccccc5c(-c5ccccc5)c5ccccc45)cc3)c3ccccc23)cc1 | H19: Cc1ccccc1
A20: 729 | B20: https://doi.org/10.1002/adfm.201302907 | D20: 443 | E20: C1(=CC=CC=C1)C1=C2C=CC=CC2=C(C2=CC=CC=C12)C1=CC=C(C=C1)C=1C2=CC=CC=C2C(=C2C=CC=CC12)C1=CC=CC=C1 | F20: 0 | G20: c1ccc(-c2c3ccccc3c(-c3ccc(-c4c5ccccc5c(-c5ccccc5)c5ccccc45)cc3)c3ccccc23)cc1
A21: 271 | B21: https://doi.org/10.1016/j.mtchem.2022.101185 | C21: THF | D21: 416 | E21: C1(=CC=CC=C1)C=1C2=CC=CC=C2C(=C2C=CC=CC12)C1=CC=CC=C1 | F21: 1 | G21: c1ccc(-c2c3ccccc3c(-c3ccccc3)c3ccccc23)cc1 | H21: C1CCOC1
A22: 461 | B22: https://doi.org/10.1039/D0TC00039F | C22: toluene | D22: 424 | E22: C1(=CC=CC=C1)C1=NC(=CC(=N1)C1=CC=C(C=C1)N1C2=CC=CC=C2C=2C3=C(C=CC12)C=1C=CC=CC1C31C3=CC=CC=C3C=3C=CC=CC31)C3=CC=CC=C3 | F22: 0 | G22: c1ccc(-c2cc(-c3ccc(-n4c5ccccc5c5c6c(ccc54)-c4ccccc4C64c5ccccc5-c5ccccc54)cc3)nc(-c3ccccc3)n2)cc1 | H22: Cc1ccccc1
A23: 462 | B23: https://doi.org/10.1039/D0TC00039F | C23: toluene | D23: 414 | E23: C1(=CC=CC=C1)C1=NC(=CC(=N1)C1=CC=C(C=C1)N1C2=CC=CC=C2C=2C=C3C(=CC12)C1(C2=CC=CC=C23)C2=CC=CC=C2C=2C=CC=CC21)C2=CC=CC=C2 | F23: 0 | G23: c1ccc(-c2cc(-c3ccc(-n4c5ccccc5c5cc6c(cc54)C4(c5ccccc5-c5ccccc54)c4ccccc4-6)cc3)nc(-c3ccccc3)n2)cc1 | H23: Cc1ccccc1
A24: 762 | B24: https://doi.org/10.1002/adom.201801071 | D24: 590 | E24: C1(=CC=CC=C1)C1=NC=2N(C(=C1)C1=CC=C(C=C1)N1C3=CC=CC=C3OC=3C=CC=CC13)N=CN2 | F24: 0 | G24: c1ccc(-c2cc(-c3ccc(N4c5ccccc5Oc5ccccc54)cc3)n3ncnc3n2)cc1
A25: 763 | B25: https://doi.org/10.1002/adom.201801071 | D25: 532 | E25: C1(=CC=CC=C1)C1=NC=2N(C(=C1)C1=CC=C(C=C1)N1C3=CC=CC=C3OC=3C=CC=CC13)N=CN2 | F25: 0 | G25: c1ccc(-c2cc(-c3ccc(N4c5ccccc5Oc5ccccc54)cc3)n3ncnc3n2)cc1
A26: 760 | B26: https://doi.org/10.1002/adom.201801071 | D26: 567 | E26: C1(=CC=CC=C1)C1=CC(=NC=2N1N=CN2)C2=CC=C(C=C2)N2C1=CC=CC=C1OC=1C=CC=CC21 | F26: 0 | G26: c1ccc(-c2cc(-c3ccc(N4c5ccccc5Oc5ccccc54)cc3)nc3ncnn23)cc1
A27: 761 | B27: https://doi.org/10.1002/adom.201801071 | D27: 527 | E27: C1(=CC=CC=C1)C1=CC(=NC=2N1N=CN2)C2=CC=C(C=C2)N2C1=CC=CC=C1OC=1C=CC=CC21 | F27: 0 | G27: c1ccc(-c2cc(-c3ccc(N4c5ccccc5Oc5ccccc54)cc3)nc3ncnn23)cc1
A28: 155 | B28: https://doi.org/10.1016/j.mtener.2021.100818 | C28: toluene | D28: 630 | E28: C1(=CC=CC=C1)C=1C=C2N=C3C4=C(C5=C(C3=NC2=CC1C1=CC=CC=C1)C=CC(=C5)N5C1=CC=CC=C1OC=1C=CC=CC51)C=C(C=C4)N4C5=CC=CC=C5OC=5C=CC=CC45 | F28: 0 | G28: c1ccc(-c2cc3nc4c5ccc(N6c7ccccc7Oc7ccccc76)cc5c5cc(N6c7ccccc7Oc7ccccc76)ccc5c4nc3cc2-c2ccccc2)cc1 | H28: Cc1ccccc1
A29: 837 | B29: https://doi.org/10.1039/D1SC01175H | C29: THF | D29: 387 | E29: C1(N(C2=CC=CC=C2)C3=CC=CC=C3)=CC=C(C4=CC=CC=C4)C=C1 | F29: 1 | G29: c1ccc(-c2ccc(N(c3ccccc3)c3ccccc3)cc2)cc1 | H29: C1CCOC1
A30: 60 | B30: https://doi.org/10.1016/j.jlumin.2021.118473 | C30: Toluene | D30: 392 | E30: C1(=CC=CC=C1)C=1C=CC=2N(C3=CC=C(C=C3C2C1)C1=CC=CC=C1)C1=NC=NC(=C1)N1C2=CC=C(C=C2C=2C=C(C=CC12)C1=CC=CC=C1)C1=CC=CC=C1 | F30: 0 | G30: c1ccc(-c2ccc3c(c2)c2cc(-c4ccccc4)ccc2n3-c2cc(-n3c4ccc(-c5ccccc5)cc4c4cc(-c5ccccc5)ccc43)ncn2)cc1 | H30: Cc1ccccc1
A31: 95 | B31: https://doi.org/10.1016/j.dyepig.2022.110634 | C31: toluene | D31: 555 | E31: C1(=CC=CC=C1)C=1C=CC=2N(C3=CC=C(C=C3C2C1)C1=CC=CC=C1)C=1C=C2N=C3C4=C(C5=C(C3=NC2=CC1N1C2=CC=C(C=C2C=2C=C(C=CC12)C1=CC=CC=C1)C1=CC=CC=C1)C=CC=N5)N=CC=C4 | F31: 0 | G31: c1ccc(-c2ccc3c(c2)c2cc(-c4ccccc4)ccc2n3-c2cc3nc4c5cccnc5c5ncccc5c4nc3cc2-n2c3ccc(-c4ccccc4)cc3c3cc(-c4ccccc4)ccc32)cc1 | H31: Cc1ccccc1
A32: 96 | B32: https://doi.org/10.1016/j.dyepig.2022.110634 | C32: toluene | D32: 566 | E32: C1(=CC=CC=C1)C=1C=CC=2N(C3=CC=C(C=C3C2C1)C1=CC=CC=C1)C=1C=C2N=C3C4=C(C5=C(C3=NC2=CC1N1C2=CC=C(C=C2C=2C=C(C=CC12)C1=CC=CC=C1)C1=CC=CC=C1)C=CC=N5)N=CC=C4 | F32: 0 | G32: c1ccc(-c2ccc3c(c2)c2cc(-c4ccccc4)ccc2n3-c2cc3nc4c5cccnc5c5ncccc5c4nc3cc2-n2c3ccc(-c4ccccc4)cc3c3cc(-c4ccccc4)ccc32)cc1 | H32: Cc1ccccc1
A33: 463 | B33: https://doi.org/10.1039/D0TC00039F | C33: toluene | D33: 412 | E33: C1(=CC=CC=C1)C1=NC(=CC(=N1)C1=CC=C(C=C1)N1C2=CC=CC=C2C=2C=C(C=CC12)C1=CC=CC=C1)C1=CC=CC=C1 | F33: 0 | G33: c1ccc(-c2ccc3c(c2)c2ccccc2n3-c2ccc(-c3cc(-c4ccccc4)nc(-c4ccccc4)n3)cc2)cc1 | H33: Cc1ccccc1
A34: 253 | B34: https://doi.org/10.1016/j.orgel.2015.02.018 | C34: DCM | D34: 434 | E34: C1=C(C=CC2=CC=CC=C12)C1=C2C=CC=CC2=C(C2=CC=CC=C12)C1=CC=C(C=C1)C=1N(C(=C(N1)C1=CC=CC=C1)C1=CC=CC=C1)C1=CC=CC=C1 | F34: 0 | G34: c1ccc(-c2nc(-c3ccc(-c4c5ccccc5c(-c5ccc6ccccc6c5)c5ccccc45)cc3)n(-c3ccccc3)c2-c2ccccc2)cc1 | H34: ClCCl
A35: 252 | B35: https://doi.org/10.1016/j.orgel.2015.02.018 | C35: DCM | D35: 428 | E35: C1(=CC=CC2=CC=CC=C12)C1=C2C=CC=CC2=C(C2=CC=CC=C12)C1=CC=C(C=C1)C=1N(C(=C(N1)C1=CC=CC=C1)C1=CC=CC=C1)C1=CC=CC=C1 | F35: 0 | G35: c1ccc(-c2nc(-c3ccc(-c4c5ccccc5c(-c5cccc6ccccc56)c5ccccc45)cc3)n(-c3ccccc3)c2-c2ccccc2)cc1 | H35: ClCCl
A36: 251 | B36: https://doi.org/10.1016/j.orgel.2015.02.018 | C36: DCM | D36: 420 | E36: C1=CC=CC2=CC3=CC=CC=C3C(=C12)C1=CC=C(C=C1)C=1N(C(=C(N1)C1=CC=CC=C1)C1=CC=CC=C1)C1=CC=CC=C1 | F36: 0 | G36: c1ccc(-c2nc(-c3ccc(-c4c5ccccc5cc5ccccc45)cc3)n(-c3ccccc3)c2-c2ccccc2)cc1 | H36: ClCCl
A37: 548 | B37: https://doi.org/10.1039/D2TC01233B | C37: DCM | D37: 638 | E37: C1(=CC=CC=C1)N(C1=CC=C(C=C1)C1=CC=C(C2=NSN=C21)C2=CC=C(C=C2)C=2N(C(=C(N2)C2=CC=CC=C2)C2=CC=CC=C2)C2=CC=CC=C2)C2=CC=CC=C2 | F37: 0 | G37: c1ccc(-c2nc(-c3ccc(-c4ccc(-c5ccc(N(c6ccccc6)c6ccccc6)cc5)c5nsnc45)cc3)n(-c3ccccc3)c2-c2ccccc2)cc1 | H37: ClCCl
A38: 66 | B38: https://doi.org/10.1016/j.dyepig.2018.09.072 | C38: toluene | D38: 459 | E38: C1=CC=CC=2C3=CC=CC=C3N(C12)C1=C(C=CC=C1)C1=NC(=NC(=N1)C1=CC=CC=C1)C1=CC=C(C=C1)C1=NC(=NC(=N1)C1=C(C=CC=C1)N1C2=CC=CC=C2C=2C=CC=CC12)C1=CC=CC=C1 | F38: 1 | G38: c1ccc(-c2nc(-c3ccc(-c4nc(-c5ccccc5)nc(-c5ccccc5-n5c6ccccc6c6ccccc65)n4)cc3)nc(-c3ccccc3-n3c4ccccc4c4ccccc43)n2)cc1 | H38: Cc1ccccc1
A39: 211 | B39: https://doi.org/10.1016/j.cej.2024.149692 | C39: toluene | D39: 412 | E39: C1(=CC=CC=C1)C=1N=C(C2=C(N1)C=CS2)C2=CC=C(C=C2)N2C1=CC=CC=C1SC=1C=CC=CC21 | F39: 1 | G39: c1ccc(-c2nc(-c3ccc(N4c5ccccc5Sc5ccccc54)cc3)c3sccc3n2)cc1 | H39: Cc1ccccc1
... A74: 313 | B74: https://doi.org/10.1039/D2TC01319C | C74: THF | D74: 430 | E74: C1(=CC=CC=C1)N(C1=CC=C(C=C1)N1C(=NC2=C1C1=CC=CC=C1C=1C=CC=CC12)C1=CC=C(C=C1)C1=CC=C(C=C1)N(C1=CC=CC=C1)C1=CC=C(C=C1)C1=CC=C(C=C1)C1=NC2=C(N1C1=CC=C(C=C1)N(C1=CC=CC=C1)C1=CC=CC=C1)C1=CC=CC=C1C=1C=CC=CC12)C1=CC=CC=C1 | F74: 1 | G74: c1ccc(N(c2ccc(-c3ccc(-c4nc5c6ccccc6c6ccccc6c5n4-c4ccc(N(c5ccccc5)c5ccccc5)cc4)cc3)cc2)c2ccc(-c3ccc(-c4nc5c6ccccc6c6ccccc6c5n4-c4ccc(N(c5ccccc5)c5ccccc5)cc4)cc3)cc2)cc1 | H74: C1CCOC1
A75: 775 | B75: https://doi.org/10.1002/ajoc.202100780 | D75: 527 | E75: C1(=CC=CC2=CC=CC=C12)N(C1=CC=C(C=C1)C1=CC=C(C=C1)N(C1=CC=CC=C1)C1=CC=CC2=CC=CC=C12)C1=CC=CC=C1 | F75: 0 | G75: c1ccc(N(c2ccc(-c3ccc(N(c4ccccc4)c4cccc5ccccc45)cc3)cc2)c2cccc3ccccc23)cc1
A76: 776 | B76: https://doi.org/10.1002/ajoc.202100780 | D76: 555 | E76: C1(=CC=CC2=CC=CC=C12)N(C1=CC=C(C=C1)C1=CC=C(C=C1)N(C1=CC=CC=C1)C1=CC=CC2=CC=CC=C12)C1=CC=CC=C1 | F76: 0 | G76: c1ccc(N(c2ccc(-c3ccc(N(c4ccccc4)c4cccc5ccccc45)cc3)cc2)c2cccc3ccccc23)cc1
A77: 777 | B77: https://doi.org/10.1002/ajoc.202100780 | D77: 555 | E77: C1(=CC=CC2=CC=CC=C12)N(C1=CC=C(C=C1)C1=CC=C(C=C1)N(C1=CC=CC=C1)C1=CC=CC2=CC=CC=C12)C1=CC=CC=C1 | F77: 0 | G77: c1ccc(N(c2ccc(-c3ccc(N(c4ccccc4)c4cccc5ccccc45)cc3)cc2)c2cccc3ccccc23)cc1
A78: 778 | B78: https://doi.org/10.1002/ajoc.202100780 | D78: 521 | E78: C1(=CC=CC2=CC=CC=C12)N(C1=CC=C(C=C1)C1=CC=C(C=C1)N(C1=CC=CC=C1)C1=CC=CC2=CC=CC=C12)C1=CC=CC=C1 | F78: 0 | G78: c1ccc(N(c2ccc(-c3ccc(N(c4ccccc4)c4cccc5ccccc45)cc3)cc2)c2cccc3ccccc23)cc1
A79: 779 | B79: https://doi.org/10.1002/ajoc.202100780 | D79: 553 | E79: C1(=CC=CC2=CC=CC=C12)N(C1=CC=C(C=C1)C1=CC=C(C=C1)N(C1=CC=CC=C1)C1=CC=CC2=CC=CC=C12)C1=CC=CC=C1 | F79: 0 | G79: c1ccc(N(c2ccc(-c3ccc(N(c4ccccc4)c4cccc5ccccc45)cc3)cc2)c2cccc3ccccc23)cc1
A80: 780 | B80: https://doi.org/10.1002/ajoc.202100780 | D80: 551 | E80: C1(=CC=CC2=CC=CC=C12)N(C1=CC=C(C=C1)C1=CC=C(C=C1)N(C1=CC=CC=C1)C1=CC=CC2=CC=CC=C12)C1=CC=CC=C1 | F80: 0 | G80: c1ccc(N(c2ccc(-c3ccc(N(c4ccccc4)c4cccc5ccccc45)cc3)cc2)c2cccc3ccccc23)cc1
A81: 781 | B81: https://doi.org/10.1002/ajoc.202100780 | D81: 507 | E81: C1(=CC=CC2=CC=CC=C12)N(C1=CC=C(C=C1)C1=CC=C(C=C1)N(C1=CC=CC=C1)C1=CC=CC2=CC=CC=C12)C1=CC=CC=C1 | F81: 0 | G81: c1ccc(N(c2ccc(-c3ccc(N(c4ccccc4)c4cccc5ccccc45)cc3)cc2)c2cccc3ccccc23)cc1
A82: 782 | B82: https://doi.org/10.1002/ajoc.202100780 | D82: 535 | E82: C1(=CC=CC2=CC=CC=C12)N(C1=CC=C(C=C1)C1=CC=C(C=C1)N(C1=CC=CC=C1)C1=CC=CC2=CC=CC=C12)C1=CC=CC=C1 | F82: 0 | G82: c1ccc(N(c2ccc(-c3ccc(N(c4ccccc4)c4cccc5ccccc45)cc3)cc2)c2cccc3ccccc23)cc1
A83: 783 | B83: https://doi.org/10.1002/ajoc.202100780 | D83: 529 | E83: C1(=CC=CC2=CC=CC=C12)N(C1=CC=C(C=C1)C1=CC=C(C=C1)N(C1=CC=CC=C1)C1=CC=CC2=CC=CC=C12)C1=CC=CC=C1 | F83: 0 | G83: c1ccc(N(c2ccc(-c3ccc(N(c4ccccc4)c4cccc5ccccc45)cc3)cc2)c2cccc3ccccc23)cc1
A84: 243 | B84: https://doi.org/10.1016/j.orgel.2021.106275 | C84: toluene | D84: 449 | E84: C1(=CC=CC=C1)N(C=1C=C2N(C=3C=CC=CC3B3C2=C(C1)N(C=1C=CC=CC13)C1=CC=CC=C1)C1=CC=CC=C1)C1=CC=CC=C1 | F84: 0 | G84: c1ccc(N(c2ccccc2)c2cc3c4c(c2)N(c2ccccc2)c2ccccc2B4c2ccccc2N3c2ccccc2)cc1 | H84: Cc1ccccc1
A85: 732 | B85: https://doi.org/10.1002/adfm.201606384 | C85: Cyclohexane | D85: 640 | E85: N=1SN=C2C1C(=C1C=CC=CC1=C2C2=CC=C(N(C1=CC=CC=C1)C1=CC=CC=C1)C=C2)C2=CC=C(N(C1=CC=CC=C1)C1=CC=CC=C1)C=C2 | F85: 1 | G85: c1ccc(N(c2ccccc2)c2ccc(-c3c4ccccc4c(-c4ccc(N(c5ccccc5)c5ccccc5)cc4)c4nsnc34)cc2)cc1 | H85: C1CCCCC1
A86: 734 | B86: https://doi.org/10.1002/adfm.201606384 | C86: Tetrahydrofuran | D86: 674 | E86: N=1SN=C2C1C(=C1C=CC=CC1=C2C2=CC=C(N(C1=CC=CC=C1)C1=CC=CC=C1)C=C2)C2=CC=C(N(C1=CC=CC=C1)C1=CC=CC=C1)C=C2 | F86: 1 | G86: c1ccc(N(c2ccccc2)c2ccc(-c3c4ccccc4c(-c4ccc(N(c5ccccc5)c5ccccc5)cc4)c4nsnc34)cc2)cc1 | H86: C1CCOC1
A87: 733 | B87: https://doi.org/10.1002/adfm.201606384 | C87: Toluene | D87: 661 | E87: N=1SN=C2C1C(=C1C=CC=CC1=C2C2=CC=C(N(C1=CC=CC=C1)C1=CC=CC=C1)C=C2)C2=CC=C(N(C1=CC=CC=C1)C1=CC=CC=C1)C=C2 | F87: 1 | G87: c1ccc(N(c2ccccc2)c2ccc(-c3c4ccccc4c(-c4ccc(N(c5ccccc5)c5ccccc5)cc4)c4nsnc34)cc2)cc1 | H87: Cc1ccccc1
A88: 735 | B88: https://doi.org/10.1002/adfm.201606384 | C88: Chloroform | D88: 681 | E88: N=1SN=C2C1C(=C1C=CC=CC1=C2C2=CC=C(N(C1=CC=CC=C1)C1=CC=CC=C1)C=C2)C2=CC=C(N(C1=CC=CC=C1)C1=CC=CC=C1)C=C2 | F88: 1 | G88: c1ccc(N(c2ccccc2)c2ccc(-c3c4ccccc4c(-c4ccc(N(c5ccccc5)c5ccccc5)cc4)c4nsnc34)cc2)cc1 | H88: ClC(Cl)Cl
A89: 736 | B89: https://doi.org/10.1002/adfm.201606384 | C89: Dichloromethane | D89: 684 | E89: N=1SN=C2C1C(=C1C=CC=CC1=C2C2=CC=C(N(C1=CC=CC=C1)C1=CC=CC=C1)C=C2)C2=CC=C(N(C1=CC=CC=C1)C1=CC=CC=C1)C=C2 | F89: 1 | G89: c1ccc(N(c2ccccc2)c2ccc(-c3c4ccccc4c(-c4ccc(N(c5ccccc5)c5ccccc5)cc4)c4nsnc34)cc2)cc1 | H89: ClCCl
A90: 57 | B90: https://doi.org/10.1016/j.cej.2022.141061 | C90: toluene | D90: 556 | E90: S1C=CC2=C1C1=NC3=CC(=C(C=C3N=C1C1=C2C=CS1)C1=CC=C(N(C2=CC=CC=C2)C2=CC=CC=C2)C=C1)C1=CC=C(N(C2=CC=CC=C2)C2=CC=CC=C2)C=C1 | F90: 0 | G90: c1ccc(N(c2ccccc2)c2ccc(-c3cc4nc5c(nc4cc3-c3ccc(N(c4ccccc4)c4ccccc4)cc3)c3sccc3c3ccsc35)cc2)cc1 | H90: Cc1ccccc1
A91: 230 | B91: https://doi.org/10.1016/j.dyepig.2023.111568 | C91: toluene | D91: 535 | E91: N1=CC(=CC=C1)C1=CC2=C(C3=NC4=CC(=C(C=C4N=C3C3=C2C=CC=C3)C3=CC=C(N(C2=CC=CC=C2)C2=CC=CC=C2)C=C3)C3=CC=C(N(C2=CC=CC=C2)C2=CC=CC=C2)C=C3)C=C1 | F91: 0 | G91: c1ccc(N(c2ccccc2)c2ccc(-c3cc4nc5c6ccccc6c6cc(-c7cccnc7)ccc6c5nc4cc3-c3ccc(N(c4ccccc4)c4ccccc4)cc3)cc2)cc1 | H91: Cc1ccccc1
A92: 896 | B92: https://doi.org/10.1016/j.dyepig.2024.112274 | C92: THF | D92: 607 | E92: C1(=CC=CC=C1)N(C1=CC=C(C=C1)C1=CC=C(C2=NSN=C21)C2=CC=C(C=C2)C=2C=CC=1N(C3=CC=CC=C3OC1C2)C2=CC=CC=C2)C2=CC=CC=C2 | F92: 1 | G92: c1ccc(N(c2ccccc2)c2ccc(-c3ccc(-c4ccc(-c5ccc6c(c5)Oc5ccccc5N6c5ccccc5)cc4)c4nsnc34)cc2)cc1 | H92: C1CCOC1
A93: 547 | B93: https://doi.org/10.1039/D2TC01233B | C93: DCM | D93: 633 | E93: C1(=CC=CC=C1)N(C1=CC=C(C=C1)C1=CC=C(C2=NSN=C21)C2=CC=C(C=C2)C2=NC1=C(N2C2=CC=CC=C2)C=CC=C1)C1=CC=CC=C1 | F93: 0 | G93: c1ccc(N(c2ccccc2)c2ccc(-c3ccc(-c4ccc(-c5nc6ccccc6n5-c5ccccc5)cc4)c4nsnc34)cc2)cc1 | H93: ClCCl
A94: 59 | B94: https://doi.org/10.1016/j.cej.2022.141061 | C94: toluene | D94: 639 | E94: S1C=CC2=C1C1=NC3=C(C=CC(=C3N=C1C1=C2C=CS1)C1=CC=C(N(C2=CC=CC=C2)C2=CC=CC=C2)C=C1)C1=CC=C(N(C2=CC=CC=C2)C2=CC=CC=C2)C=C1 | F94: 0 | G94: c1ccc(N(c2ccccc2)c2ccc(-c3ccc(-c4ccc(N(c5ccccc5)c5ccccc5)cc4)c4nc5c(nc34)c3sccc3c3ccsc35)cc2)cc1 | H94: Cc1ccccc1
A95: 30 | B95: https://doi.org/10.1016/j.dyepig.2019.107957 | C95: toluene | D95: 533 | E95: C1=CC(=CC2=C1C1=NC3=CC(=C(C=C3N=C1C1=C2C=C(C=C1)C1=CC=C(N(C2=CC=CC=C2)C2=CC=CC=C2)C=C1)C1=CC=C(N(C2=CC=CC=C2)C2=CC=CC=C2)C=C1)C1=CC=C(N(C2=CC=CC=C2)C2=CC=CC=C2)C=C1)C1=CC=C(N(C2=CC=CC=C2)C2=CC=CC=C2)C=C1 | F95: 0 | G95: c1ccc(N(c2ccccc2)c2ccc(-c3ccc4c(c3)c3cc(-c5ccc(N(c6ccccc6)c6ccccc6)cc5)ccc3c3nc5cc(-c6ccc(N(c7ccccc7)c7ccccc7)cc6)c(-c6ccc(N(c7ccccc7)c7ccccc7)cc6)cc5nc43)cc2)cc1 | H95: Cc1ccccc1
... A107: 892 | B107: https://doi.org/10.1016/j.jlumin.2021.118473 | C107: Toluene | D107: 525 | E107: C1(=CC=CC=C1)N(C=1C=CC=2N(C3=CC=C(C=C3C2C1)N(C1=CC=CC=C1)C1=CC=CC=C1)C1=CC=C(C=C1)C1=NC=NC(=C1)C1=CC=C(C=C1)N1C2=CC=C(C=C2C=2C=C(C=CC12)N(C1=CC=CC=C1)C1=CC=CC=C1)N(C1=CC=CC=C1)C1=CC=CC=C1)C1=CC=CC=C1 | F107: 1 | G107: c1ccc(N(c2ccccc2)c2ccc3c(c2)c2cc(N(c4ccccc4)c4ccccc4)ccc2n3-c2ccc(-c3cc(-c4ccc(-n5c6ccc(N(c7ccccc7)c7ccccc7)cc6c6cc(N(c7ccccc7)c7ccccc7)ccc65)cc4)ncn3)cc2)cc1 | H107: Cc1ccccc1
A108: 749 | B108: https://doi.org/10.1002/adma.202103293 | D108: 551 | E108: N1=CC=NC2=C3C(=C4C(=C12)C=C(C=C4)N4C1=CC=C(C=C1C=1C=C(C=CC41)N(C4=CC=CC=C4)C4=CC=CC=C4)N(C4=CC=CC=C4)C4=CC=CC=C4)C=CC(=C3)N3C4=CC=C(C=C4C=4C=C(C=CC34)N(C3=CC=CC=C3)C3=CC=CC=C3)N(C3=CC=CC=C3)C3=CC=CC=C3 | F108: 0 | G108: c1ccc(N(c2ccccc2)c2ccc3c(c2)c2cc(N(c4ccccc4)c4ccccc4)ccc2n3-c2ccc3c4ccc(-n5c6ccc(N(c7ccccc7)c7ccccc7)cc6c6cc(N(c7ccccc7)c7ccccc7)ccc65)cc4c4nccnc4c3c2)cc1
A109: 355 | B109: https://doi.org/10.1039/D0TC01268H | C109: tetrahydrofuran | D109: 473 | E109: C1(N(C2=CC=CC=C2)C3=CC4=C(N5C6=C4C7=C(C=CC=C7)C=C6C8=CC(N(C9=CC=CC=C9)C%10=CC=CC=C%10)=CC=C85)C=C3)=CC=CC=C1 | F109: 1 | G109: c1ccc(N(c2ccccc2)c2ccc3c(c2)c2cc4ccccc4c4c5cc(N(c6ccccc6)c6ccccc6)ccc5n3c24)cc1 | H109: C1CCOC1
A110: 905 | B110: https://doi.org/10.1016/j.dyepig.2023.111568 | C110: toluene | D110: 536 | E110: N1=CC(=CC=C1)C=1C=C2N=C3C4=C(C5=C(C3=NC2=CC1C=1C=NC=CC1)C=CC(=C5)C5=C(N(C1=CC=CC=C1)C1=CC=CC=C1)C=CC=C5)C=CC=C4 | F110: 1 | G110: c1ccc(N(c2ccccc2)c2ccccc2-c2ccc3c(c2)c2ccccc2c2nc4cc(-c5cccnc5)c(-c5cccnc5)cc4nc32)cc1 | H110: Cc1ccccc1
A111: 399 | B111: https://doi.org/10.1039/C9TC02990G | C111: THF | D111: 443 | E111: C1(=CC=CC=C1)N1C(=NC2=C1C1=CC=CC=3C=CC4=CC=CC2=C4C13)C1=CC=C(C=C1)C=1C3=CC=CC=C3C(=C3C=CC=CC13)C1=CC=C(C=C1)C=1N(C3=C(N1)C=1C=CC=C4C=CC=2C=CC=C3C2C41)C4=CC=CC=C4 | F111: 0 | G111: c1ccc(-n2c(-c3ccc(-c4c5ccccc5c(-c5ccc(-c6nc7c8cccc9ccc%10cccc(c%10c98)c7n6-c6ccccc6)cc5)c5ccccc45)cc3)nc3c4cccc5ccc6cccc(c6c54)c32)cc1 | H111: C1CCOC1
A112: 595 | B112: https://doi.org/10.1039/D3QO01080E | C112: toluene | D112: 411 | E112: C1=CC=CC=2C3=CC=CC=C3N(C12)C1=CC=C(C=C1)C1=CC=C(C=N1)C1=NC2=C(N1C1=CC=CC=C1)C1=CC=CC=C1C=1C=CC=CC12 | F112: 0 | G112: c1ccc(-n2c(-c3ccc(-c4ccc(-n5c6ccccc6c6ccccc65)cc4)nc3)nc3c4ccccc4c4ccccc4c32)cc1 | H112: Cc1ccccc1
A113: 596 | B113: https://doi.org/10.1039/D3QO01080E | C113: toluene | D113: 404 | E113: C1=CC=CC=2C3=CC=CC=C3N(C12)C=1C=C(C=CC1)C1=CC=C(C=N1)C1=NC2=C(N1C1=CC=CC=C1)C1=CC=CC=C1C=1C=CC=CC12 | F113: 0 | G113: c1ccc(-n2c(-c3ccc(-c4cccc(-n5c6ccccc6c6ccccc65)c4)nc3)nc3c4ccccc4c4ccccc4c32)cc1 | H113: Cc1ccccc1
A114: 623 | B114: https://doi.org/10.1039/D4TC04832F | C114: DCM | D114: 421 | E114: C1(=CC=CC=C1)N1C(=NC2=C1C1=CC=CC=C1C=1C=CC=CC12)C1=CC=C(C=C1)C1=CC=CC2=C1OC1=C2C=CC=C1C1=CC=C(C=C1)C1=NC2=C(N1C1=CC=CC=C1)C1=CC=CC=C1C=1C=CC=CC12 | F114: 0 | G114: c1ccc(-n2c(-c3ccc(-c4cccc5c4oc4c(-c6ccc(-c7nc8c9ccccc9c9ccccc9c8n7-c7ccccc7)cc6)cccc45)cc3)nc3c4ccccc4c4ccccc4c32)cc1 | H114: ClCCl
A115: 624 | B115: https://doi.org/10.1039/D4TC04832F | C115: DCM | D115: 419 | E115: C1=CC=CC=2C3=CC=CC=C3N(C12)C1=CC=C(C=C1)C1=CC=CC=2C3=C(OC21)C(=CC=C3)C3=CC=C(C=C3)C3=NC2=C(N3C3=CC=CC=C3)C3=CC=CC=C3C=3C=CC=CC32 | F115: 0 | G115: c1ccc(-n2c(-c3ccc(-c4cccc5c4oc4c(-c6ccc(-n7c8ccccc8c8ccccc87)cc6)cccc45)cc3)nc3c4ccccc4c4ccccc4c32)cc1 | H115: ClCCl
A116: 353 | B116: https://doi.org/10.1039/D3NJ05730E | C116: toluene | D116: 413 | E116: C1(=CC=CC=C1)N1C(=NC2=C1C=CC=C2)C2=CC=C(C=C2)N2C=1C=CC=CC1C1(C3=CC=CC=C3C=3C=CC=CC13)C1=CC=CC=C21 | F116: 0 | G116: c1ccc(-n2c(-c3ccc(N4c5ccccc5C5(c6ccccc6-c6ccccc65)c5ccccc54)cc3)nc3ccccc32)cc1 | H116: Cc1ccccc1
A117: 77 | B117: https://doi.org/10.1016/j.dyepig.2017.03.032 | C117: THF | D117: 425 | E117: C1(=CC=CC2=CC=CC=C12)C1=NC2=C(N1C1=CC=CC=C1)C1=CC=CC=C1C=1C=CC=CC12 | F117: 0 | G117: c1ccc(-n2c(-c3cccc4ccccc34)nc3c4ccccc4c4ccccc4c32)cc1 | H117: C1CCOC1
A118: 78 | B118: https://doi.org/10.1016/j.dyepig.2017.03.032 | C118: THF | D118: 446 | E118: C1(=CC=CC2=CC=CC=C12)C1=NC2=C(N1C1=CC=CC=C1)C1=CC=CC=C1C=1C=CC=CC12 | F118: 0 | G118: c1ccc(-n2c(-c3cccc4ccccc34)nc3c4ccccc4c4ccccc4c32)cc1 | H118: C1CCOC1
A119: 178 | B119: https://doi.org/10.1016/j.dyepig.2021.109580 | C119: toluene | D119: 578 | E119: C1=CC=CC2=C1C1=NC3=CC=C(C=C3N=C1C1=C2C=CC=C1)N1C=2C=CC=CC2C=2C1=C1C(=C3C=4C=CC=CC4N(C23)C2=CC=CC=C2)N(C=2C=CC=CC21)C2=CC=CC=C2 | F119: 1 | G119: c1ccc(-n2c3ccccc3c3c2c2c4ccccc4n(-c4ccc5nc6c7ccccc7c7ccccc7c6nc5c4)c2c2c4ccccc4n(-c4ccccc4)c32)cc1 | H119: Cc1ccccc1
A120: 706 | B120: https://doi.org/10.1002/adfm.202105805 | D120: 446 | E120: C1=CC=CC=2OC=3C=C(C=C4OC=5C=CC=CC5B(C34)C12)N1C=2C=CC=CC2C2=C3C(=C4N(C=5C=CC=CC5C4=C21)C2=CC=CC=C2)C2=C(O3)C=CC=C2 | F120: 0 | G120: c1ccc(-n2c3ccccc3c3c4c(c5ccccc5n4-c4cc5c6c(c4)Oc4ccccc4B6c4ccccc4O5)c4oc5ccccc5c4c32)cc1
A121: 707 | B121: https://doi.org/10.1002/adfm.202105805 | D121: 445 | E121: C1=CC=CC=2OC=3C=C(C=C4OC=5C=CC=CC5B(C34)C12)N1C=2C=CC=CC2C2=C3C(=C4N(C=5C=CC=CC5C4=C21)C2=CC=CC=C2)C2=C(S3)C=CC=C2 | F121: 0 | G121: c1ccc(-n2c3ccccc3c3c4c(c5ccccc5n4-c4cc5c6c(c4)Oc4ccccc4B6c4ccccc4O5)c4sc5ccccc5c4c32)cc1
A122: 71 | B122: https://doi.org/10.1016/j.orgel.2022.106450 | C122: toluene | D122: 389 | E122: C1=CC=CC=2C3=CC=CC=C3N(C12)C1=C(C=CC=C1)C1=C(C=CC=C1)N1C2=CC=CC=C2C=2C=CC=CC12 | F122: 0 | G122: c1ccc(-n2c3ccccc3c3ccccc32)c(-c2ccccc2-n2c3ccccc3c3ccccc32)c1 | H122: Cc1ccccc1
A123: 72 | B123: https://doi.org/10.1016/j.orgel.2022.106450 | C123: toluene | D123: 403 | E123: C1=CC=CC=2C3=CC=CC=C3N(C12)C1=C(C=CC=C1)C=1C=NC=CC1N1C2=CC=CC=C2C=2C=CC=CC12 | F123: 0 | G123: c1ccc(-n2c3ccccc3c3ccccc32)c(-c2cnccc2-n2c3ccccc3c3ccccc32)c1 | H123: Cc1ccccc1
A124: 73 | B124: https://doi.org/10.1016/j.orgel.2022.106450 | C124: toluene | D124: 467 | E124: C1=CC=CC=2C3=CC=CC=C3N(C12)C1=C(C=CC=C1)C1=NC(=NC(=N1)C1=C(C=CC=C1)N1C2=CC=CC=C2C=2C=CC=CC12)C1=C(C=CC=C1)N1C2=CC=CC=C2C=2C=CC=CC12 | F124: 0 | G124: c1ccc(-n2c3ccccc3c3ccccc32)c(-c2nc(-c3ccccc3-n3c4ccccc4c4ccccc43)nc(-c3ccccc3-n3c4ccccc4c4ccccc43)n2)c1 | H124: Cc1ccccc1
A125: 483 | B125: https://doi.org/10.1039/C7TC05576E | C125: toluene | D125: 531 | E125: C1(=CC=CC=C1)N1C(=NC2=C1C1=CC=CC=C1C=1C=CC=CC12)C1=CC=C(C=C1)N1C=2C=CC=CC2N(C2=CC=CC=C12)C1=CC=CC=C1 | F125: 0 | G125: c1ccc(N2c3ccccc3N(c3ccc(-c4nc5c6ccccc6c6ccccc6c5n4-c4ccccc4)cc3)c3ccccc32)cc1 | H125: Cc1ccccc1
A126: 395 | B126: https://doi.org/10.1039/D3QM01170D | C126: toluene | D126: 569 | E126: N1=CC(=CC=C1)C=1C=C2N=C3C4=C(C5=C(C3=NC2=CC1C=1C=NC=CC1)C=CC(=C5)C=5C=CC=1N(C2=CC=CC=C2OC1C5)C5=CC=CC=C5)C=CC=C4 | F126: 0 | G126: c1ccc(N2c3ccccc3Oc3cc(-c4ccc5c(c4)c4ccccc4c4nc6cc(-c7cccnc7)c(-c7cccnc7)cc6nc54)ccc32)cc1 | H126: Cc1ccccc1
A127: 328 | B127: https://doi.org/10.1039/C9TC02195G | C127: THF | D127: 395 | E127: C1=C2C(=CC=C1)N1C=3C=CC=CC3C=3C=C4C(=C2C13)NC1=CC=CC=C14 | F127: 0 | G127: c1ccc2c(c1)[nH]c1c2cc2c3ccccc3n3c4ccccc4c1c23 | H127: C1CCOC1
A128: 630 | B128: https://doi.org/10.1039/D0TC01897J | C128: toluene | D128: 505 | E128: C1=C2C=3C=C4C(=CC3NC2=CC=C1)NC=1C=CC=CC14 | F128: 0 | G128: c1ccc2c(c1)[nH]c1cc3[nH]c4ccccc4c3cc12 | H128: Cc1ccccc1
A129: 631 | B129: https://doi.org/10.1039/D0TC01897J | C129: toluene | D129: 502 | E129: C1=C2C=3C=C4C(=CC3NC2=CC=C1)NC=1C=CC=CC14 | F129: 0 | G129: c1ccc2c(c1)[nH]c1cc3[nH]c4ccccc4c3cc12 | H129: Cc1ccccc1
A130: 844 | B130: https://doi.org/10.1039/D3QO01788E | C130: CH2Cl2 | D130: 375 | E130: C12=CC=CC(C3=C4C=CC=C3)=C1N4C5=C2C=CC=C5 | F130: 1 | G130: c1ccc2c(c1)c1cccc3c4ccccc4n2c13 | H130: ClCCl
A131: 587 | B131: https://doi.org/10.1039/D4TC00988F | C131: toluene | D131: 595 | E131: C1=CC=CC=2C3=CC=CC=C3N(C12)C1=C2N=C3C4=C(C5=C(C3=NC2=C(C(=C1N1C2=CC=CC=C2C=2C=CC=CC12)N1C2=CC=CC=C2C=2C=CC=CC12)N1C2=CC=CC=C2C=2C=CC=CC12)C=CC=C5)C=CC=C4 | F131: 0 | G131: c1ccc2c(c1)c1ccccc1c1nc3c(-n4c5ccccc5c5ccccc54)c(-n4c5ccccc5c5ccccc54)c(-n4c5ccccc5c5ccccc54)c(-n4c5ccccc5c5ccccc54)c3nc21 | H131: Cc1ccccc1
A132: 741 | B132: https://doi.org/10.1002/adom.202001027 | D132: 569 | E132: C1=CC=CC=2C3=CC=CC=C3N(C12)C1=CC=2C3(C4=CC(=CC=C4C2C=C1)N1C2=CC=CC=C2C=2C=CC=CC12)C1=CC=CC=C1C=1C=CC=CC13 | F132: 0 | G132: c1ccc2c(c1)-c1ccccc1C21c2cc(-n3c4ccccc4c4ccccc43)ccc2-c2ccc(-n3c4ccccc4c4ccccc43)cc21
A133: 742 | B133: https://doi.org/10.1002/adom.202001027 | D133: 527 | E133: C1=CC=CC=2C3=CC=CC=C3N(C12)C1=CC=2C3(C4=CC(=CC=C4C2C=C1)N1C2=CC=CC=C2C=2C=CC=CC12)C1=CC=CC=C1C=1C=CC=CC13 | F133: 0 | G133: c1ccc2c(c1)-c1ccccc1C21c2cc(-n3c4ccccc4c4ccccc43)ccc2-c2ccc(-n3c4ccccc4c4ccccc43)cc21
A134: 747 | B134: https://doi.org/10.1002/adom.202001027 | D134: 508 | E134: C1=CC=CC=2C3=CC=CC=C3N(C12)C1=CC=2C3(C4=CC(=CC=C4C2C=C1)N1C2=CC=CC=C2C=2C=CC=CC12)C1=CC=CC=C1C=1C=CC=CC13 | F134: 0 | G134: c1ccc2c(c1)-c1ccccc1C21c2cc(-n3c4ccccc4c4ccccc43)ccc2-c2ccc(-n3c4ccccc4c4ccccc43)cc21
A135: 748 | B135: https://doi.org/10.1002/adom.202001027 | D135: 522 | E135: C1=CC=CC=2C3=CC=CC=C3N(C12)C1=CC=2C3(C4=CC(=CC=C4C2C=C1)N1C2=CC=CC=C2C=2C=CC=CC12)C1=CC=CC=C1C=1C=CC=CC13 | F135: 0 | G135: c1ccc2c(c1)-c1ccccc1C21c2cc(-n3c4ccccc4c4ccccc43)ccc2-c2ccc(-n3c4ccccc4c4ccccc43)cc21
A136: 475 | B136: https://doi.org/10.1039/D2MH00639A | C136: toluene | D136: 590 | E136: C1=CC=NC2=C1C1=NC3=CC=C(C=C3N=C1C1=C2N=CC=C1)N1C=2C=CC=CC2C2(C3=CC=CC=C3C=3C=CC=CC23)C2=CC=CC=C12 | F136: 0 | G136: c1ccc2c(c1)-c1ccccc1C21c2ccccc2N(c2ccc3nc4c5cccnc5c5ncccc5c4nc3c2)c2ccccc21 | H136: Cc1ccccc1
A137: 827 | B137: https://doi.org/10.1039/D0TC05395C | C137: toluene | D137: 451 | E137: C1=CC=CC=2C3=CC=CC=C3N(C12)C1=NC(=CC(=C1)C1=CC(=NC(=C1)N1C2=CC=CC=C2C=2C=CC=CC12)N1C2=CC=CC=C2C=2C=CC=CC12)N1C2=CC=CC=C2C=2C=CC=CC12 | F137: 1 | G137: c1ccc2c(c1)c1ccccc1n2-c1cc(-c2cc(-n3c4ccccc4c4ccccc43)nc(-n3c4ccccc4c4ccccc43)c2)cc(-n2c3ccccc3c3ccccc32)n1 | H137: Cc1ccccc1
A138: 192 | B138: https://doi.org/10.1016/j.dyepig.2021.109781 | C138: THF | D138: 558 | E138: C1=CC=CC=2C3=CC=CC=C3N(C12)C=1C=C(C=C(C1)N1C2=CC=CC=C2C=2C=CC=CC12)C1=CC=C(C2=NSN=C21)C2=CC(=CC(=C2)N2C1=CC=CC=C1C=1C=CC=CC21)N2C1=CC=CC=C1C=1C=CC=CC21 | F138: 0 | G138: c1ccc2c(c1)c1ccccc1n2-c1cc(-c2ccc(-c3cc(-n4c5ccccc5c5ccccc54)cc(-n4c5ccccc5c5ccccc54)c3)c3nsnc23)cc(-n2c3ccccc3c3ccccc32)c1 | H138: C1CCOC1
A139: 193 | B139: https://doi.org/10.1016/j.dyepig.2021.109781 | C139: THF | D139: 555 | E139: C1=CC=CC=2C3=CC=CC=C3N(C12)C=1C=C(C=C(C1)N1C2=CC=CC=C2C=2C=CC=CC12)C1=CC=C(C2=NSN=C21)C2=CC(=CC(=C2)N2C1=CC=CC=C1C=1C=CC=CC21)N2C1=CC=CC=C1C=1C=CC=CC21 | F139: 0 | G139: c1ccc2c(c1)c1ccccc1n2-c1cc(-c2ccc(-c3cc(-n4c5ccccc5c5ccccc54)cc(-n4c5ccccc5c5ccccc54)c3)c3nsnc23)cc(-n2c3ccccc3c3ccccc32)c1 | H139: C1CCOC1
A140: 750 | B140: https://doi.org/10.1002/adom.201901283 | D140: 384 | E140: C1=CC=CC=2C3=CC=CC=C3N(C12)C1=CC=C(C=N1)C=1C=NC(=CC1)N1C2=CC=CC=C2C=2C=CC=CC12 | F140: 0 | G140: c1ccc2c(c1)c1ccccc1n2-c1ccc(-c2ccc(-n3c4ccccc4c4ccccc43)nc2)cn1
A141: 246 | B141: https://doi.org/10.1016/j.optmat.2019.05.040 | C141: toluene | D141: 386 | E141: C1=CC=CC=2C3=CC=CC=C3N(C12)C1=CC=C(C=C1)C=1OC(=NN1)C1=CC=C(C=C1)N1C2=CC=CC=C2C=2C=CC=CC12 | F141: 0 | G141: c1ccc2c(c1)c1ccccc1n2-c1ccc(-c2nnc(-c3ccc(-n4c5ccccc5c5ccccc54)cc3)o2)cc1 | H141: Cc1ccccc1
A142: 296 | B142: https://doi.org/10.1039/C7TC00025A | C142: toluene | D142: 559 | E142: C1=CC=CC=2C3=CC=CC=C3N(C12)C1=CC=C(C2=NSN=C21)N2C1=CC=CC=C1C=1C=CC=CC21 | F142: 1 | G142: c1ccc2c(c1)c1ccccc1n2-c1ccc(-n2c3ccccc3c3ccccc32)c2nsnc12 | H142: Cc1ccccc1
A143: 619 | B143: https://doi.org/10.1039/C6TC03063G | C143: CH2Cl2 | D143: 535 | E143: C1=CC=CC=2C3=CC=CC=C3N(C12)C=1C=CC=2N(C3=CC=C(C=C3C2C1)N1C2=CC=CC=C2C=2C=CC=CC12)CCCCCCOC=1C=CC=2N(C3=CC=CC=C3C2C1)C1=CC=C(C=C1)C1=NC(=NC(=N1)C1=CC=C(C=C1)N1C2=CC=CC=C2C=2C=C(C=CC12)OCCCCCCN1C2=CC=C(C=C2C=2C=C(C=CC12)N1C2=CC=CC=C2C=2C=CC=CC12)N1C2=CC=CC=C2C=2C=CC=CC12)C1=CC=C(C=C1)N1C2=CC=CC=C2C=2C=C(C=CC12)OCCCCCCN1C2=CC=C(C=C2C=2C=C(C=CC12)N1C2=CC=CC=C2C=2C=CC=CC12)N1C2=CC=CC=C2C=2C=CC=CC12 | F143: 0 | G143: c1ccc2c(c1)c1ccccc1n2-c1ccc2c(c1)c1cc(-n3c4ccccc4c4ccccc43)ccc1n2CCCCCCOc1ccc2c(c1)c1ccccc1n2-c1ccc(-c2nc(-c3ccc(-n4c5ccccc5c5cc(OCCCCCCn6c7ccc(-n8c9ccccc9c9ccccc98)cc7c7cc(-n8c9ccccc9c9ccccc98)ccc76)ccc54)cc3)nc(-c3ccc(-n4c5ccccc5c5cc(OCCCCCCn6c7ccc(-n8c9ccccc9c9ccccc98)cc7c7cc(-n8c9ccccc9c9ccccc98)ccc76)ccc54)cc3)n2)cc1 | H143: ClCCl
A144: 620 | B144: https://doi.org/10.1039/C6TC03063G | C144: CH2Cl2 | D144: 487 | E144: C1=CC=CC=2C3=CC=CC=C3N(C12)C=1C=CC=2N(C3=CC=C(C=C3C2C1)N1C2=CC=CC=C2C=2C=CC=CC12)CCCCCCOC=1C=CC=2N(C3=CC=CC=C3C2C1)C1=CC=C(C=C1)C1=NC(=NC(=N1)C1=CC=C(C=C1)N1C2=CC=CC=C2C=2C=C(C=CC12)OCCCCCCN1C2=CC=C(C=C2C=2C=C(C=CC12)N1C2=CC=CC=C2C=2C=CC=CC12)N1C2=CC=CC=C2C=2C=CC=CC12)C1=CC=C(C=C1)N1C2=CC=CC=C2C=2C=C(C=CC12)OCCCCCCN1C2=CC=C(C=C2C=2C=C(C=CC12)N1C2=CC=CC=C2C=2C=CC=CC12)N1C2=CC=CC=C2C=2C=CC=CC12 | F144: 0 | G144: c1ccc2c(c1)c1ccccc1n2-c1ccc2c(c1)c1cc(-n3c4ccccc4c4ccccc43)ccc1n2CCCCCCOc1ccc2c(c1)c1ccccc1n2-c1ccc(-c2nc(-c3ccc(-n4c5ccccc5c5cc(OCCCCCCn6c7ccc(-n8c9ccccc9c9ccccc98)cc7c7cc(-n8c9ccccc9c9ccccc98)ccc76)ccc54)cc3)nc(-c3ccc(-n4c5ccccc5c5cc(OCCCCCCn6c7ccc(-n8c9ccccc9c9ccccc98)cc7c7cc(-n8c9ccccc9c9ccccc98)ccc76)ccc54)cc3)n2)cc1 | H144: ClCCl
A145: 22 | B145: https://doi.org/10.1016/j.cej.2020.127591 | C145: toluene | D145: 454 | E145: C1=CC(=CC=2C3=CC=CC=C3N(C12)C1=NC=C(N=C1)N1C2=CC=CC=C2C=2C=C(C=CC12)N1C2=CC=CC=C2C=2C=CC=CC12)N1C2=CC=CC=C2C=2C=CC=CC12 | F145: 1 | G145: c1ccc2c(c1)c1ccccc1n2-c1ccc2c(c1)c1ccccc1n2-c1cnc(-n2c3ccccc3c3cc(-n4c5ccccc5c5ccccc54)ccc32)cn1 | H145: Cc1ccccc1
...

Sheet 6_resolved_duplicates
A1: _id | B1: doi | C1: solvent | D1: standard_value | E1: smiles | F1: corrected | G1: canonical_smiles | H1: solvent_smiles
A2: 295 | B2: https://doi.org/10.1039/D4MH00400K | C2: toluene | D2: 531 | E2: BrC1=C(C=C(C(=C1)N1C2=CC=CC=C2OC=2C=CC=CC12)Br)N1C2=CC=CC=C2OC=2C=CC=CC12 | F2: 0 | G2: Brc1cc(N2c3ccccc3Oc3ccccc32)c(Br)cc1N1c2ccccc2Oc2ccccc21 | H2: Cc1ccccc1
A3: 542 | B3: https://doi.org/10.1039/C7QM00605E | C3: dichloromethane | D3: 420 | E3: BrC=1C=CC=2N(C3=CC=CC=C3C2C1)C1=CC=C(C=C1)C1=NC(=NC(=N1)C1=CC=CC=C1)C1=CC=CC=C1 | F3: 0 | G3: Brc1ccc2c(c1)c1ccccc1n2-c1ccc(-c2nc(-c3ccccc3)nc(-c3ccccc3)n2)cc1 | H3: ClCCl
A4: 757 | B4: https://doi.org/10.1002/adom.202101773 | D4: 453 | E4: BrCCCCCCCCN1C2=CC=CC=C2C=2C(C=3N(C4=CC=CC=C4C3C(C21)C2=CC=C(C=C2)Br)CCCCCCCCBr)C2=CC=C(C=C2)Br | F4: 0 | G4: BrCCCCCCCCn1c2c(c3ccccc31)C(c1ccc(Br)cc1)c1c(c3ccccc3n1CCCCCCCCBr)C2c1ccc(Br)cc1
A5: 758 | B5: https://doi.org/10.1002/adom.202101773 | D5: 460 | E5: BrCCCCCCCCN1C2=CC=CC=C2C=2C(C=3N(C4=CC=CC=C4C3C(C21)C2=CC=C(C=C2)Br)CCCCCCCCBr)C2=CC=C(C=C2)Br | F5: 0 | G5: BrCCCCCCCCn1c2c(c3ccccc31)C(c1ccc(Br)cc1)c1c(c3ccccc3n1CCCCCCCCBr)C2c1ccc(Br)cc1
A6: 314 | B6: https://doi.org/10.1039/D2TC01319C | C6: THF | D6: 422 | E6: C1(=CC=CC=C1)N(C1=CC=C(C=C1)N1C(=NC2=C1C1=CC=CC=C1C=1C=CC=CC12)/C=C/C1=CC=C(C=C1)C1=CC=C(C=C1)N(C1=CC=CC=C1)C1=CC=C(C=C1)C1=CC=C(C=C1)\C=C\C1=NC2=C(N1C1=CC=C(C=C1)N(C1=CC=CC=C1)C1=CC=CC=C1)C1=CC=CC=C1C=1C=CC=CC12)C1=CC=CC=C1 | F6: 1 | G6: C(=C/c1nc2c3ccccc3c3ccccc3c2n1-c1ccc(N(c2ccccc2)c2ccccc2)cc1)\c1ccc(-c2ccc(N(c3ccccc3)c3ccc(-c4ccc(/C=C/c5nc6c7ccccc7c7ccccc7c6n5-c5ccc(N(c6ccccc6)c6ccccc6)cc5)cc4)cc3)cc2)cc1 | H6: C1CCOC1
A7: 222 | B7: https://doi.org/10.1016/j.dyepig.2020.108624 | C7: DCM | D7: 507 | E7: C1=CC=CC=2C3=CC=CC=C3N(C12)C1=C(C#N)C(=C(C(=C1N1C2=CC=CC=C2C=2C(=CC=CC12)OCC1=CC=C(C=C1)C=C)N1C2=CC=CC=C2C=2C=CC=CC12)N1C2=CC=CC=C2C=2C(=CC=CC12)OCC1=CC=C(C=C1)C=C)N1C2=CC=CC=C2C=2C=CC=CC12 | F7: 0 | G7: C=Cc1ccc(COc2cccc3c2c2ccccc2n3-c2c(-n3c4ccccc4c4ccccc43)c(C#N)c(-n3c4ccccc4c4ccccc43)c(-n3c4ccccc4c4c(OCc5ccc(C=C)cc5)cccc43)c2-n2c3ccccc3c3ccccc32)cc1 | H7: ClCCl
A8: 223 | B8: https://doi.org/10.1016/j.dyepig.2020.108624 | C8: DCM | D8: 514 | E8: C1=CC=CC=2C3=CC=CC=C3N(C12)C1=C(C#N)C(=C(C(=C1N1C2=CC=CC=C2C=2C(=CC=CC12)OCCCCCCN1C2=CC=CC=C2C=2C(=CC=CC12)OCC1=CC=C(C=C1)C=C)N1C2=CC=CC=C2C=2C=CC=CC12)N1C2=CC=CC=C2C=2C(=CC=CC12)OCCCCCCN1C2=CC=CC=C2C=2C(=CC=CC12)OCC1=CC=C(C=C1)C=C)N1C2=CC=CC=C2C=2C=CC=CC12 | F8: 0 | G8: C=Cc1ccc(COc2cccc3c2c2ccccc2n3CCCCCCOc2cccc3c2c2ccccc2n3-c2c(-n3c4ccccc4c4ccccc43)c(C#N)c(-n3c4ccccc4c4ccccc43)c(-n3c4ccccc4c4c(OCCCCCCn5c6ccccc6c6c(OCc7ccc(C=C)cc7)cccc65)cccc43)c2-n2c3ccccc3c3ccccc32)cc1 | H8: ClCCl
A9: 261 | B9: https://doi.org/10.1016/j.orgel.2022.106442 | C9: toluene | D9: 452 | E9: C(=C)C1=CC=C(COC2=CC=CC=3N(C4=CC=CC=C4C23)CCCCCCOC2=CC=CC=3N(C4=CC=CC=C4C23)C2=C(C#N)C(=CC=C2)N2C3=CC=CC=C3C=3C(=CC=CC23)OCCCCCCN2C3=CC=CC=C3C=3C(=CC=CC23)OCC2=CC=C(C=C2)C=C)C=C1 | F9: 0 | G9: C=Cc1ccc(COc2cccc3c2c2ccccc2n3CCCCCCOc2cccc3c2c2ccccc2n3-c2cccc(-n3c4ccccc4c4c(OCCCCCCn5c6ccccc6c6c(OCc7ccc(C=C)cc7)cccc65)cccc43)c2C#N)cc1 | H9: Cc1ccccc1
A10: 283 | B10: https://doi.org/10.1016/j.synthmet.2024.117551 | C10: toluene | D10: 369 | E10: C1=CC=C(C=2OC3=C(C21)C=CC=C3)C3=C(C=CC=C3)C3=CC(=CC=C3)N3C2=CC=CC=C2C=2C=CC=CC32 | F10: 1 | G10: c1cc(-c2ccccc2-c2cccc3c2oc2ccccc23)cc(-n2c3ccccc3c3ccccc32)c1 | H10: Cc1ccccc1
A11: 549 | B11: https://doi.org/10.1039/C6TC00385K | C11: chloroform | D11: 379 | E11: C1=CC=CC=2C3=CC=CC=C3N(C12)C1=CC(=CC=C1)N1C2=CC=CC=C2C=2C=CC=CC12 | F11: 0 | G11: c1cc(-n2c3ccccc3c3ccccc32)cc(-n2c3ccccc3c3ccccc32)c1 | H11: ClC(Cl)Cl
A12: 586 | B12: https://doi.org/10.1039/D4TC00988F | C12: toluene | D12: 545 | E12: C1=CC=CC=2C3=CC=CC=C3N(C12)C1=C2N=C3C(=NC2=C(C(=C1N1C2=CC=CC=C2C=2C=CC=CC12)N1C2=CC=CC=C2C=2C=CC=CC12)N1C2=CC=CC=C2C=2C=CC=CC12)C=1C=CC=C2C=CC=C3C12 | F12: 0 | G12: c1cc2c3c(cccc3c1)-c1nc3c(-n4c5ccccc5c5ccccc54)c(-n4c5ccccc5c5ccccc54)c(-n4c5ccccc5c5ccccc54)c(-n4c5ccccc5c5ccccc54)c3nc1-2 | H12: Cc1ccccc1
A13: 845 | B13: https://doi.org/10.1039/D3QO01788E | C13: CH2Cl2 | D13: 482 | E13: C12=CC=CC(C3=C4C5=CC=C3)=C1N(C4=CC=C5)C6=C2C=CC=C6 | F13: 1 | G13: c1cc2cccc3c2c(c1)c1cccc2c4ccccc4n3c12 | H13: ClCCl
A14: 853 | B14: https://doi.org/10.1039/D3TA05930H | C14: Cyclohexane | D14: 440 | E14: C1=CC=C2C=CC=C3C4=CC=CC5=CC=CC(C1=C23)=C45 | F14: 1 | G14: c1cc2cccc3c4cccc5cccc(c(c1)c23)c54 | H14: C1CCCCC1
A15: 739 | B15: https://doi.org/10.1002/adom.202001027 | D15: 572 | E15: C1=CC=CC=2C3=CC=CC=C3N(C12)C1=CC=2C(C3=CC(=CC=C3C2C=C1)N1C2=CC=CC=C2C=2C=CC=CC12)(C1=CC=CC=C1)C1=CC=CC=C1 | F15: 0 | G15: c1ccc(C2(c3ccccc3)c3cc(-n4c5ccccc5c5ccccc54)ccc3-c3ccc(-n4c5ccccc5c5ccccc54)cc32)cc1
A16: 740 | B16: https://doi.org/10.1002/adom.202001027 | D16: 530 | E16: C1=CC=CC=2C3=CC=CC=C3N(C12)C1=CC=2C(C3=CC(=CC=C3C2C=C1)N1C2=CC=CC=C2C=2C=CC=CC12)(C1=CC=CC=C1)C1=CC=CC=C1 | F16: 0 | G16: c1ccc(C2(c3ccccc3)c3cc(-n4c5ccccc5c5ccccc54)ccc3-c3ccc(-n4c5ccccc5c5ccccc54)cc32)cc1
A17: 745 | B17: https://doi.org/10.1002/adom.202001027 | D17: 508 | E17: C1=CC=CC=2C3=CC=CC=C3N(C12)C1=CC=2C(C3=CC(=CC=C3C2C=C1)N1C2=CC=CC=C2C=2C=CC=CC12)(C1=CC=CC=C1)C1=CC=CC=C1 | F17: 0 | G17: c1ccc(C2(c3ccccc3)c3cc(-n4c5ccccc5c5ccccc54)ccc3-c3ccc(-n4c5ccccc5c5ccccc54)cc32)cc1
A18: 746 | B18: https://doi.org/10.1002/adom.202001027 | D18: 516 | E18: C1=CC=CC=2C3=CC=CC=C3N(C12)C1=CC=2C(C3=CC(=CC=C3C2C=C1)N1C2=CC=CC=C2C=2C=CC=CC12)(C1=CC=CC=C1)C1=CC=CC=C1 | F18: 0 | G18: c1ccc(C2(c3ccccc3)c3cc(-n4c5ccccc5c5ccccc54)ccc3-c3ccc(-n4c5ccccc5c5ccccc54)cc32)cc1
A19: 728 | B19: https://doi.org/10.1002/adfm.201302907 | C19: toluene | D19: 412 | E19: C1(=CC=CC=C1)C1=C2C=CC=CC2=C(C2=CC=CC=C12)C1=CC=C(C=C1)C=1C2=CC=CC=C2C(=C2C=CC=CC12)C1=CC=CC=C1 | F19: 0 | G19: c1ccc(-c2c3ccccc3c(-c3ccc(-c4c5ccccc5c(-c5ccccc5)c5ccccc45)cc3)c3ccccc23)cc1 | H19: Cc1ccccc1
A20: 729 | B20: https://doi.org/10.1002/adfm.201302907 | D20: 443 | E20: C1(=CC=CC=C1)C1=C2C=CC=CC2=C(C2=CC=CC=C12)C1=CC=C(C=C1)C=1C2=CC=CC=C2C(=C2C=CC=CC12)C1=CC=CC=C1 | F20: 0 | G20: c1ccc(-c2c3ccccc3c(-c3ccc(-c4c5ccccc5c(-c5ccccc5)c5ccccc45)cc3)c3ccccc23)cc1
A21: 271 | B21: https://doi.org/10.1016/j.mtchem.2022.101185 | C21: THF | D21: 416 | E21: C1(=CC=CC=C1)C=1C2=CC=CC=C2C(=C2C=CC=CC12)C1=CC=CC=C1 | F21: 1 | G21: c1ccc(-c2c3ccccc3c(-c3ccccc3)c3ccccc23)cc1 | H21: C1CCOC1
A22: 461 | B22: https://doi.org/10.1039/D0TC00039F | C22: toluene | D22: 424 | E22: C1(=CC=CC=C1)C1=NC(=CC(=N1)C1=CC=C(C=C1)N1C2=CC=CC=C2C=2C3=C(C=CC12)C=1C=CC=CC1C31C3=CC=CC=C3C=3C=CC=CC31)C3=CC=CC=C3 | F22: 0 | G22: c1ccc(-c2cc(-c3ccc(-n4c5ccccc5c5c6c(ccc54)-c4ccccc4C64c5ccccc5-c5ccccc54)cc3)nc(-c3ccccc3)n2)cc1 | H22: Cc1ccccc1
A23: 462 | B23: https://doi.org/10.1039/D0TC00039F | C23: toluene | D23: 414 | E23: C1(=CC=CC=C1)C1=NC(=CC(=N1)C1=CC=C(C=C1)N1C2=CC=CC=C2C=2C=C3C(=CC12)C1(C2=CC=CC=C23)C2=CC=CC=C2C=2C=CC=CC21)C2=CC=CC=C2 | F23: 0 | G23: c1ccc(-c2cc(-c3ccc(-n4c5ccccc5c5cc6c(cc54)C4(c5ccccc5-c5ccccc54)c4ccccc4-6)cc3)nc(-c3ccccc3)n2)cc1 | H23: Cc1ccccc1
A24: 762 | B24: https://doi.org/10.1002/adom.201801071 | D24: 590 | E24: C1(=CC=CC=C1)C1=NC=2N(C(=C1)C1=CC=C(C=C1)N1C3=CC=CC=C3OC=3C=CC=CC13)N=CN2 | F24: 0 | G24: c1ccc(-c2cc(-c3ccc(N4c5ccccc5Oc5ccccc54)cc3)n3ncnc3n2)cc1
A25: 763 | B25: https://doi.org/10.1002/adom.201801071 | D25: 532 | E25: C1(=CC=CC=C1)C1=NC=2N(C(=C1)C1=CC=C(C=C1)N1C3=CC=CC=C3OC=3C=CC=CC13)N=CN2 | F25: 0 | G25: c1ccc(-c2cc(-c3ccc(N4c5ccccc5Oc5ccccc54)cc3)n3ncnc3n2)cc1
A26: 760 | B26: https://doi.org/10.1002/adom.201801071 | D26: 567 | E26: C1(=CC=CC=C1)C1=CC(=NC=2N1N=CN2)C2=CC=C(C=C2)N2C1=CC=CC=C1OC=1C=CC=CC21 | F26: 0 | G26: c1ccc(-c2cc(-c3ccc(N4c5ccccc5Oc5ccccc54)cc3)nc3ncnn23)cc1
A27: 761 | B27: https://doi.org/10.1002/adom.201801071 | D27: 527 | E27: C1(=CC=CC=C1)C1=CC(=NC=2N1N=CN2)C2=CC=C(C=C2)N2C1=CC=CC=C1OC=1C=CC=CC21 | F27: 0 | G27: c1ccc(-c2cc(-c3ccc(N4c5ccccc5Oc5ccccc54)cc3)nc3ncnn23)cc1
A28: 155 | B28: https://doi.org/10.1016/j.mtener.2021.100818 | C28: toluene | D28: 630 | E28: C1(=CC=CC=C1)C=1C=C2N=C3C4=C(C5=C(C3=NC2=CC1C1=CC=CC=C1)C=CC(=C5)N5C1=CC=CC=C1OC=1C=CC=CC51)C=C(C=C4)N4C5=CC=CC=C5OC=5C=CC=CC45 | F28: 0 | G28: c1ccc(-c2cc3nc4c5ccc(N6c7ccccc7Oc7ccccc76)cc5c5cc(N6c7ccccc7Oc7ccccc76)ccc5c4nc3cc2-c2ccccc2)cc1 | H28: Cc1ccccc1
A29: 837 | B29: https://doi.org/10.1039/D1SC01175H | C29: THF | D29: 387 | E29: C1(N(C2=CC=CC=C2)C3=CC=CC=C3)=CC=C(C4=CC=CC=C4)C=C1 | F29: 1 | G29: c1ccc(-c2ccc(N(c3ccccc3)c3ccccc3)cc2)cc1 | H29: C1CCOC1
A30: 60 | B30: https://doi.org/10.1016/j.jlumin.2021.118473 | C30: Toluene | D30: 392 | E30: C1(=CC=CC=C1)C=1C=CC=2N(C3=CC=C(C=C3C2C1)C1=CC=CC=C1)C1=NC=NC(=C1)N1C2=CC=C(C=C2C=2C=C(C=CC12)C1=CC=CC=C1)C1=CC=CC=C1 | F30: 0 | G30: c1ccc(-c2ccc3c(c2)c2cc(-c4ccccc4)ccc2n3-c2cc(-n3c4ccc(-c5ccccc5)cc4c4cc(-c5ccccc5)ccc43)ncn2)cc1 | H30: Cc1ccccc1
A31: 463 | B31: https://doi.org/10.1039/D0TC00039F | C31: toluene | D31: 412 | E31: C1(=CC=CC=C1)C1=NC(=CC(=N1)C1=CC=C(C=C1)N1C2=CC=CC=C2C=2C=C(C=CC12)C1=CC=CC=C1)C1=CC=CC=C1 | F31: 0 | G31: c1ccc(-c2ccc3c(c2)c2ccccc2n3-c2ccc(-c3cc(-c4ccccc4)nc(-c4ccccc4)n3)cc2)cc1 | H31: Cc1ccccc1
A32: 253 | B32: https://doi.org/10.1016/j.orgel.2015.02.018 | C32: DCM | D32: 434 | E32: C1=C(C=CC2=CC=CC=C12)C1=C2C=CC=CC2=C(C2=CC=CC=C12)C1=CC=C(C=C1)C=1N(C(=C(N1)C1=CC=CC=C1)C1=CC=CC=C1)C1=CC=CC=C1 | F32: 0 | G32: c1ccc(-c2nc(-c3ccc(-c4c5ccccc5c(-c5ccc6ccccc6c5)c5ccccc45)cc3)n(-c3ccccc3)c2-c2ccccc2)cc1 | H32: ClCCl
A33: 252 | B33: https://doi.org/10.1016/j.orgel.2015.02.018 | C33: DCM | D33: 428 | E33: C1(=CC=CC2=CC=CC=C12)C1=C2C=CC=CC2=C(C2=CC=CC=C12)C1=CC=C(C=C1)C=1N(C(=C(N1)C1=CC=CC=C1)C1=CC=CC=C1)C1=CC=CC=C1 | F33: 0 | G33: c1ccc(-c2nc(-c3ccc(-c4c5ccccc5c(-c5cccc6ccccc56)c5ccccc45)cc3)n(-c3ccccc3)c2-c2ccccc2)cc1 | H33: ClCCl
A34: 251 | B34: https://doi.org/10.1016/j.orgel.2015.02.018 | C34: DCM | D34: 420 | E34: C1=CC=CC2=CC3=CC=CC=C3C(=C12)C1=CC=C(C=C1)C=1N(C(=C(N1)C1=CC=CC=C1)C1=CC=CC=C1)C1=CC=CC=C1 | F34: 0 | G34: c1ccc(-c2nc(-c3ccc(-c4c5ccccc5cc5ccccc45)cc3)n(-c3ccccc3)c2-c2ccccc2)cc1 | H34: ClCCl
A35: 548 | B35: https://doi.org/10.1039/D2TC01233B | C35: DCM | D35: 638 | E35: C1(=CC=CC=C1)N(C1=CC=C(C=C1)C1=CC=C(C2=NSN=C21)C2=CC=C(C=C2)C=2N(C(=C(N2)C2=CC=CC=C2)C2=CC=CC=C2)C2=CC=CC=C2)C2=CC=CC=C2 | F35: 0 | G35: c1ccc(-c2nc(-c3ccc(-c4ccc(-c5ccc(N(c6ccccc6)c6ccccc6)cc5)c5nsnc45)cc3)n(-c3ccccc3)c2-c2ccccc2)cc1 | H35: ClCCl
A36: 66 | B36: https://doi.org/10.1016/j.dyepig.2018.09.072 | C36: toluene | D36: 459 | E36: C1=CC=CC=2C3=CC=CC=C3N(C12)C1=C(C=CC=C1)C1=NC(=NC(=N1)C1=CC=CC=C1)C1=CC=C(C=C1)C1=NC(=NC(=N1)C1=C(C=CC=C1)N1C2=CC=CC=C2C=2C=CC=CC12)C1=CC=CC=C1 | F36: 1 | G36: c1ccc(-c2nc(-c3ccc(-c4nc(-c5ccccc5)nc(-c5ccccc5-n5c6ccccc6c6ccccc65)n4)cc3)nc(-c3ccccc3-n3c4ccccc4c4ccccc43)n2)cc1 | H36: Cc1ccccc1
A37: 211 | B37: https://doi.org/10.1016/j.cej.2024.149692 | C37: toluene | D37: 412 | E37: C1(=CC=CC=C1)C=1N=C(C2=C(N1)C=CS2)C2=CC=C(C=C2)N2C1=CC=CC=C1SC=1C=CC=CC21 | F37: 1 | G37: c1ccc(-c2nc(-c3ccc(N4c5ccccc5Sc5ccccc54)cc3)c3sccc3n2)cc1 | H37: Cc1ccccc1
A38: 213 | B38: https://doi.org/10.1016/j.cej.2024.149692 | C38: toluene | D38: 497 | E38: C1(=CC=CC=C1)C=1C2=C(N=C(N1)C1=CC=C(C=C1)N1C3=CC=CC=C3SC=3C=CC=CC13)C=CS2 | F38: 1 | G38: c1ccc(-c2nc(-c3ccc(N4c5ccccc5Sc5ccccc54)cc3)nc3ccsc23)cc1 | H38: Cc1ccccc1
A39: 912 | B39: https://doi.org/10.1016/j.dyepig.2025.112723 | C39: toluene | D39: 509 | E39: C1(=CC=CC=C1)C1=NC(=NC(=N1)C1=CC=CC=C1)C1=C(C(=C(C(=C1N1C2=CC=CC=C2C=2C(=CC=CC12)OCCCCCCN1C2=CC=CC=C2C=2C=CC=CC12)N1C2=CC=CC=C2C=2C(=CC=CC12)OCCCCCCN1C2=CC=CC=C2C=2C=CC=CC12)N1C2=CC=CC=C2C=2C(=CC=CC12)OCCCCCCN1C2=CC=CC=C2C=2C=CC=CC12)N1C2=CC=CC=C2C=2C(=CC=CC12)OCCCCCCN1C2=CC=CC=C2C=2C=CC=CC12)N1C2=CC=CC=C2C=2C(=CC=CC12)OCCCCCCN1C2=CC=CC=C2C=2C=CC=CC12 | F39: 1 | G39: c1ccc(-c2nc(-c3ccccc3)nc(-c3c(-n4c5ccccc5c5c(OCCCCCCn6c7ccccc7c7ccccc76)cccc54)c(-n4c5ccccc5c5c(OCCCCCCn6c7ccccc7c7ccccc76)cccc54)c(-n4c5ccccc5c5c(OCCCCCCn6c7ccccc7c7ccccc76)cccc54)c(-n4c5ccccc5c5c(OCCCCCCn6c7ccccc7c7ccccc76)cccc54)c3-n3c4ccccc4c4c(OCCCCCCn5c6ccccc6c6ccccc65)cccc43)n2)cc1 | H39: Cc1ccccc1
... A75: 313 | B75: https://doi.org/10.1039/D2TC01319C | C75: THF | D75: 430 | E75: C1(=CC=CC=C1)N(C1=CC=C(C=C1)N1C(=NC2=C1C1=CC=CC=C1C=1C=CC=CC12)C1=CC=C(C=C1)C1=CC=C(C=C1)N(C1=CC=CC=C1)C1=CC=C(C=C1)C1=CC=C(C=C1)C1=NC2=C(N1C1=CC=C(C=C1)N(C1=CC=CC=C1)C1=CC=CC=C1)C1=CC=CC=C1C=1C=CC=CC12)C1=CC=CC=C1 | F75: 1 | G75: c1ccc(N(c2ccc(-c3ccc(-c4nc5c6ccccc6c6ccccc6c5n4-c4ccc(N(c5ccccc5)c5ccccc5)cc4)cc3)cc2)c2ccc(-c3ccc(-c4nc5c6ccccc6c6ccccc6c5n4-c4ccc(N(c5ccccc5)c5ccccc5)cc4)cc3)cc2)cc1 | H75: C1CCOC1
A76: 775 | B76: https://doi.org/10.1002/ajoc.202100780 | D76: 527 | E76: C1(=CC=CC2=CC=CC=C12)N(C1=CC=C(C=C1)C1=CC=C(C=C1)N(C1=CC=CC=C1)C1=CC=CC2=CC=CC=C12)C1=CC=CC=C1 | F76: 0 | G76: c1ccc(N(c2ccc(-c3ccc(N(c4ccccc4)c4cccc5ccccc45)cc3)cc2)c2cccc3ccccc23)cc1
A77: 776 | B77: https://doi.org/10.1002/ajoc.202100780 | D77: 555 | E77: C1(=CC=CC2=CC=CC=C12)N(C1=CC=C(C=C1)C1=CC=C(C=C1)N(C1=CC=CC=C1)C1=CC=CC2=CC=CC=C12)C1=CC=CC=C1 | F77: 0 | G77: c1ccc(N(c2ccc(-c3ccc(N(c4ccccc4)c4cccc5ccccc45)cc3)cc2)c2cccc3ccccc23)cc1
A78: 777 | B78: https://doi.org/10.1002/ajoc.202100780 | D78: 555 | E78: C1(=CC=CC2=CC=CC=C12)N(C1=CC=C(C=C1)C1=CC=C(C=C1)N(C1=CC=CC=C1)C1=CC=CC2=CC=CC=C12)C1=CC=CC=C1 | F78: 0 | G78: c1ccc(N(c2ccc(-c3ccc(N(c4ccccc4)c4cccc5ccccc45)cc3)cc2)c2cccc3ccccc23)cc1
A79: 778 | B79: https://doi.org/10.1002/ajoc.202100780 | D79: 521 | E79: C1(=CC=CC2=CC=CC=C12)N(C1=CC=C(C=C1)C1=CC=C(C=C1)N(C1=CC=CC=C1)C1=CC=CC2=CC=CC=C12)C1=CC=CC=C1 | F79: 0 | G79: c1ccc(N(c2ccc(-c3ccc(N(c4ccccc4)c4cccc5ccccc45)cc3)cc2)c2cccc3ccccc23)cc1
A80: 779 | B80: https://doi.org/10.1002/ajoc.202100780 | D80: 553 | E80: C1(=CC=CC2=CC=CC=C12)N(C1=CC=C(C=C1)C1=CC=C(C=C1)N(C1=CC=CC=C1)C1=CC=CC2=CC=CC=C12)C1=CC=CC=C1 | F80: 0 | G80: c1ccc(N(c2ccc(-c3ccc(N(c4ccccc4)c4cccc5ccccc45)cc3)cc2)c2cccc3ccccc23)cc1
A81: 780 | B81: https://doi.org/10.1002/ajoc.202100780 | D81: 551 | E81: C1(=CC=CC2=CC=CC=C12)N(C1=CC=C(C=C1)C1=CC=C(C=C1)N(C1=CC=CC=C1)C1=CC=CC2=CC=CC=C12)C1=CC=CC=C1 | F81: 0 | G81: c1ccc(N(c2ccc(-c3ccc(N(c4ccccc4)c4cccc5ccccc45)cc3)cc2)c2cccc3ccccc23)cc1
A82: 781 | B82: https://doi.org/10.1002/ajoc.202100780 | D82: 507 | E82: C1(=CC=CC2=CC=CC=C12)N(C1=CC=C(C=C1)C1=CC=C(C=C1)N(C1=CC=CC=C1)C1=CC=CC2=CC=CC=C12)C1=CC=CC=C1 | F82: 0 | G82: c1ccc(N(c2ccc(-c3ccc(N(c4ccccc4)c4cccc5ccccc45)cc3)cc2)c2cccc3ccccc23)cc1
A83: 782 | B83: https://doi.org/10.1002/ajoc.202100780 | D83: 535 | E83: C1(=CC=CC2=CC=CC=C12)N(C1=CC=C(C=C1)C1=CC=C(C=C1)N(C1=CC=CC=C1)C1=CC=CC2=CC=CC=C12)C1=CC=CC=C1 | F83: 0 | G83: c1ccc(N(c2ccc(-c3ccc(N(c4ccccc4)c4cccc5ccccc45)cc3)cc2)c2cccc3ccccc23)cc1
A84: 783 | B84: https://doi.org/10.1002/ajoc.202100780 | D84: 529 | E84: C1(=CC=CC2=CC=CC=C12)N(C1=CC=C(C=C1)C1=CC=C(C=C1)N(C1=CC=CC=C1)C1=CC=CC2=CC=CC=C12)C1=CC=CC=C1 | F84: 0 | G84: c1ccc(N(c2ccc(-c3ccc(N(c4ccccc4)c4cccc5ccccc45)cc3)cc2)c2cccc3ccccc23)cc1
A85: 243 | B85: https://doi.org/10.1016/j.orgel.2021.106275 | C85: toluene | D85: 449 | E85: C1(=CC=CC=C1)N(C=1C=C2N(C=3C=CC=CC3B3C2=C(C1)N(C=1C=CC=CC13)C1=CC=CC=C1)C1=CC=CC=C1)C1=CC=CC=C1 | F85: 0 | G85: c1ccc(N(c2ccccc2)c2cc3c4c(c2)N(c2ccccc2)c2ccccc2B4c2ccccc2N3c2ccccc2)cc1 | H85: Cc1ccccc1
A86: 732 | B86: https://doi.org/10.1002/adfm.201606384 | C86: Cyclohexane | D86: 640 | E86: N=1SN=C2C1C(=C1C=CC=CC1=C2C2=CC=C(N(C1=CC=CC=C1)C1=CC=CC=C1)C=C2)C2=CC=C(N(C1=CC=CC=C1)C1=CC=CC=C1)C=C2 | F86: 1 | G86: c1ccc(N(c2ccccc2)c2ccc(-c3c4ccccc4c(-c4ccc(N(c5ccccc5)c5ccccc5)cc4)c4nsnc34)cc2)cc1 | H86: C1CCCCC1
A87: 734 | B87: https://doi.org/10.1002/adfm.201606384 | C87: Tetrahydrofuran | D87: 674 | E87: N=1SN=C2C1C(=C1C=CC=CC1=C2C2=CC=C(N(C1=CC=CC=C1)C1=CC=CC=C1)C=C2)C2=CC=C(N(C1=CC=CC=C1)C1=CC=CC=C1)C=C2 | F87: 1 | G87: c1ccc(N(c2ccccc2)c2ccc(-c3c4ccccc4c(-c4ccc(N(c5ccccc5)c5ccccc5)cc4)c4nsnc34)cc2)cc1 | H87: C1CCOC1
A88: 733 | B88: https://doi.org/10.1002/adfm.201606384 | C88: Toluene | D88: 661 | E88: N=1SN=C2C1C(=C1C=CC=CC1=C2C2=CC=C(N(C1=CC=CC=C1)C1=CC=CC=C1)C=C2)C2=CC=C(N(C1=CC=CC=C1)C1=CC=CC=C1)C=C2 | F88: 1 | G88: c1ccc(N(c2ccccc2)c2ccc(-c3c4ccccc4c(-c4ccc(N(c5ccccc5)c5ccccc5)cc4)c4nsnc34)cc2)cc1 | H88: Cc1ccccc1
A89: 735 | B89: https://doi.org/10.1002/adfm.201606384 | C89: Chloroform | D89: 681 | E89: N=1SN=C2C1C(=C1C=CC=CC1=C2C2=CC=C(N(C1=CC=CC=C1)C1=CC=CC=C1)C=C2)C2=CC=C(N(C1=CC=CC=C1)C1=CC=CC=C1)C=C2 | F89: 1 | G89: c1ccc(N(c2ccccc2)c2ccc(-c3c4ccccc4c(-c4ccc(N(c5ccccc5)c5ccccc5)cc4)c4nsnc34)cc2)cc1 | H89: ClC(Cl)Cl
A90: 736 | B90: https://doi.org/10.1002/adfm.201606384 | C90: Dichloromethane | D90: 684 | E90: N=1SN=C2C1C(=C1C=CC=CC1=C2C2=CC=C(N(C1=CC=CC=C1)C1=CC=CC=C1)C=C2)C2=CC=C(N(C1=CC=CC=C1)C1=CC=CC=C1)C=C2 | F90: 1 | G90: c1ccc(N(c2ccccc2)c2ccc(-c3c4ccccc4c(-c4ccc(N(c5ccccc5)c5ccccc5)cc4)c4nsnc34)cc2)cc1 | H90: ClCCl
A91: 57 | B91: https://doi.org/10.1016/j.cej.2022.141061 | C91: toluene | D91: 556 | E91: S1C=CC2=C1C1=NC3=CC(=C(C=C3N=C1C1=C2C=CS1)C1=CC=C(N(C2=CC=CC=C2)C2=CC=CC=C2)C=C1)C1=CC=C(N(C2=CC=CC=C2)C2=CC=CC=C2)C=C1 | F91: 0 | G91: c1ccc(N(c2ccccc2)c2ccc(-c3cc4nc5c(nc4cc3-c3ccc(N(c4ccccc4)c4ccccc4)cc3)c3sccc3c3ccsc35)cc2)cc1 | H91: Cc1ccccc1
A92: 230 | B92: https://doi.org/10.1016/j.dyepig.2023.111568 | C92: toluene | D92: 535 | E92: N1=CC(=CC=C1)C1=CC2=C(C3=NC4=CC(=C(C=C4N=C3C3=C2C=CC=C3)C3=CC=C(N(C2=CC=CC=C2)C2=CC=CC=C2)C=C3)C3=CC=C(N(C2=CC=CC=C2)C2=CC=CC=C2)C=C3)C=C1 | F92: 0 | G92: c1ccc(N(c2ccccc2)c2ccc(-c3cc4nc5c6ccccc6c6cc(-c7cccnc7)ccc6c5nc4cc3-c3ccc(N(c4ccccc4)c4ccccc4)cc3)cc2)cc1 | H92: Cc1ccccc1
A93: 896 | B93: https://doi.org/10.1016/j.dyepig.2024.112274 | C93: THF | D93: 607 | E93: C1(=CC=CC=C1)N(C1=CC=C(C=C1)C1=CC=C(C2=NSN=C21)C2=CC=C(C=C2)C=2C=CC=1N(C3=CC=CC=C3OC1C2)C2=CC=CC=C2)C2=CC=CC=C2 | F93: 1 | G93: c1ccc(N(c2ccccc2)c2ccc(-c3ccc(-c4ccc(-c5ccc6c(c5)Oc5ccccc5N6c5ccccc5)cc4)c4nsnc34)cc2)cc1 | H93: C1CCOC1
A94: 547 | B94: https://doi.org/10.1039/D2TC01233B | C94: DCM | D94: 633 | E94: C1(=CC=CC=C1)N(C1=CC=C(C=C1)C1=CC=C(C2=NSN=C21)C2=CC=C(C=C2)C2=NC1=C(N2C2=CC=CC=C2)C=CC=C1)C1=CC=CC=C1 | F94: 0 | G94: c1ccc(N(c2ccccc2)c2ccc(-c3ccc(-c4ccc(-c5nc6ccccc6n5-c5ccccc5)cc4)c4nsnc34)cc2)cc1 | H94: ClCCl
A95: 59 | B95: https://doi.org/10.1016/j.cej.2022.141061 | C95: toluene | D95: 639 | E95: S1C=CC2=C1C1=NC3=C(C=CC(=C3N=C1C1=C2C=CS1)C1=CC=C(N(C2=CC=CC=C2)C2=CC=CC=C2)C=C1)C1=CC=C(N(C2=CC=CC=C2)C2=CC=CC=C2)C=C1 | F95: 0 | G95: c1ccc(N(c2ccccc2)c2ccc(-c3ccc(-c4ccc(N(c5ccccc5)c5ccccc5)cc4)c4nc5c(nc34)c3sccc3c3ccsc35)cc2)cc1 | H95: Cc1ccccc1
A96: 30 | B96: https://doi.org/10.1016/j.dyepig.2019.107957 | C96: toluene | D96: 533 | E96: C1=CC(=CC2=C1C1=NC3=CC(=C(C=C3N=C1C1=C2C=C(C=C1)C1=CC=C(N(C2=CC=CC=C2)C2=CC=CC=C2)C=C1)C1=CC=C(N(C2=CC=CC=C2)C2=CC=CC=C2)C=C1)C1=CC=C(N(C2=CC=CC=C2)C2=CC=CC=C2)C=C1)C1=CC=C(N(C2=CC=CC=C2)C2=CC=CC=C2)C=C1 | F96: 0 | G96: c1ccc(N(c2ccccc2)c2ccc(-c3ccc4c(c3)c3cc(-c5ccc(N(c6ccccc6)c6ccccc6)cc5)ccc3c3nc5cc(-c6ccc(N(c7ccccc7)c7ccccc7)cc6)c(-c6ccc(N(c7ccccc7)c7ccccc7)cc6)cc5nc43)cc2)cc1 | H96: Cc1ccccc1
... A108: 892 | B108: https://doi.org/10.1016/j.jlumin.2021.118473 | C108: Toluene | D108: 525 | E108: C1(=CC=CC=C1)N(C=1C=CC=2N(C3=CC=C(C=C3C2C1)N(C1=CC=CC=C1)C1=CC=CC=C1)C1=CC=C(C=C1)C1=NC=NC(=C1)C1=CC=C(C=C1)N1C2=CC=C(C=C2C=2C=C(C=CC12)N(C1=CC=CC=C1)C1=CC=CC=C1)N(C1=CC=CC=C1)C1=CC=CC=C1)C1=CC=CC=C1 | F108: 1 | G108: c1ccc(N(c2ccccc2)c2ccc3c(c2)c2cc(N(c4ccccc4)c4ccccc4)ccc2n3-c2ccc(-c3cc(-c4ccc(-n5c6ccc(N(c7ccccc7)c7ccccc7)cc6c6cc(N(c7ccccc7)c7ccccc7)ccc65)cc4)ncn3)cc2)cc1 | H108: Cc1ccccc1
A109: 749 | B109: https://doi.org/10.1002/adma.202103293 | D109: 551 | E109: N1=CC=NC2=C3C(=C4C(=C12)C=C(C=C4)N4C1=CC=C(C=C1C=1C=C(C=CC41)N(C4=CC=CC=C4)C4=CC=CC=C4)N(C4=CC=CC=C4)C4=CC=CC=C4)C=CC(=C3)N3C4=CC=C(C=C4C=4C=C(C=CC34)N(C3=CC=CC=C3)C3=CC=CC=C3)N(C3=CC=CC=C3)C3=CC=CC=C3 | F109: 0 | G109: c1ccc(N(c2ccccc2)c2ccc3c(c2)c2cc(N(c4ccccc4)c4ccccc4)ccc2n3-c2ccc3c4ccc(-n5c6ccc(N(c7ccccc7)c7ccccc7)cc6c6cc(N(c7ccccc7)c7ccccc7)ccc65)cc4c4nccnc4c3c2)cc1
A110: 355 | B110: https://doi.org/10.1039/D0TC01268H | C110: tetrahydrofuran | D110: 473 | E110: C1(N(C2=CC=CC=C2)C3=CC4=C(N5C6=C4C7=C(C=CC=C7)C=C6C8=CC(N(C9=CC=CC=C9)C%10=CC=CC=C%10)=CC=C85)C=C3)=CC=CC=C1 | F110: 1 | G110: c1ccc(N(c2ccccc2)c2ccc3c(c2)c2cc4ccccc4c4c5cc(N(c6ccccc6)c6ccccc6)ccc5n3c24)cc1 | H110: C1CCOC1
A111: 905 | B111: https://doi.org/10.1016/j.dyepig.2023.111568 | C111: toluene | D111: 536 | E111: N1=CC(=CC=C1)C=1C=C2N=C3C4=C(C5=C(C3=NC2=CC1C=1C=NC=CC1)C=CC(=C5)C5=C(N(C1=CC=CC=C1)C1=CC=CC=C1)C=CC=C5)C=CC=C4 | F111: 1 | G111: c1ccc(N(c2ccccc2)c2ccccc2-c2ccc3c(c2)c2ccccc2c2nc4cc(-c5cccnc5)c(-c5cccnc5)cc4nc32)cc1 | H111: Cc1ccccc1
A112: 399 | B112: https://doi.org/10.1039/C9TC02990G | C112: THF | D112: 443 | E112: C1(=CC=CC=C1)N1C(=NC2=C1C1=CC=CC=3C=CC4=CC=CC2=C4C13)C1=CC=C(C=C1)C=1C3=CC=CC=C3C(=C3C=CC=CC13)C1=CC=C(C=C1)C=1N(C3=C(N1)C=1C=CC=C4C=CC=2C=CC=C3C2C41)C4=CC=CC=C4 | F112: 0 | G112: c1ccc(-n2c(-c3ccc(-c4c5ccccc5c(-c5ccc(-c6nc7c8cccc9ccc%10cccc(c%10c98)c7n6-c6ccccc6)cc5)c5ccccc45)cc3)nc3c4cccc5ccc6cccc(c6c54)c32)cc1 | H112: C1CCOC1
A113: 595 | B113: https://doi.org/10.1039/D3QO01080E | C113: toluene | D113: 411 | E113: C1=CC=CC=2C3=CC=CC=C3N(C12)C1=CC=C(C=C1)C1=CC=C(C=N1)C1=NC2=C(N1C1=CC=CC=C1)C1=CC=CC=C1C=1C=CC=CC12 | F113: 0 | G113: c1ccc(-n2c(-c3ccc(-c4ccc(-n5c6ccccc6c6ccccc65)cc4)nc3)nc3c4ccccc4c4ccccc4c32)cc1 | H113: Cc1ccccc1
A114: 596 | B114: https://doi.org/10.1039/D3QO01080E | C114: toluene | D114: 404 | E114: C1=CC=CC=2C3=CC=CC=C3N(C12)C=1C=C(C=CC1)C1=CC=C(C=N1)C1=NC2=C(N1C1=CC=CC=C1)C1=CC=CC=C1C=1C=CC=CC12 | F114: 0 | G114: c1ccc(-n2c(-c3ccc(-c4cccc(-n5c6ccccc6c6ccccc65)c4)nc3)nc3c4ccccc4c4ccccc4c32)cc1 | H114: Cc1ccccc1
A115: 623 | B115: https://doi.org/10.1039/D4TC04832F | C115: DCM | D115: 421 | E115: C1(=CC=CC=C1)N1C(=NC2=C1C1=CC=CC=C1C=1C=CC=CC12)C1=CC=C(C=C1)C1=CC=CC2=C1OC1=C2C=CC=C1C1=CC=C(C=C1)C1=NC2=C(N1C1=CC=CC=C1)C1=CC=CC=C1C=1C=CC=CC12 | F115: 0 | G115: c1ccc(-n2c(-c3ccc(-c4cccc5c4oc4c(-c6ccc(-c7nc8c9ccccc9c9ccccc9c8n7-c7ccccc7)cc6)cccc45)cc3)nc3c4ccccc4c4ccccc4c32)cc1 | H115: ClCCl
A116: 624 | B116: https://doi.org/10.1039/D4TC04832F | C116: DCM | D116: 419 | E116: C1=CC=CC=2C3=CC=CC=C3N(C12)C1=CC=C(C=C1)C1=CC=CC=2C3=C(OC21)C(=CC=C3)C3=CC=C(C=C3)C3=NC2=C(N3C3=CC=CC=C3)C3=CC=CC=C3C=3C=CC=CC32 | F116: 0 | G116: c1ccc(-n2c(-c3ccc(-c4cccc5c4oc4c(-c6ccc(-n7c8ccccc8c8ccccc87)cc6)cccc45)cc3)nc3c4ccccc4c4ccccc4c32)cc1 | H116: ClCCl
A117: 353 | B117: https://doi.org/10.1039/D3NJ05730E | C117: toluene | D117: 413 | E117: C1(=CC=CC=C1)N1C(=NC2=C1C=CC=C2)C2=CC=C(C=C2)N2C=1C=CC=CC1C1(C3=CC=CC=C3C=3C=CC=CC13)C1=CC=CC=C21 | F117: 0 | G117: c1ccc(-n2c(-c3ccc(N4c5ccccc5C5(c6ccccc6-c6ccccc65)c5ccccc54)cc3)nc3ccccc32)cc1 | H117: Cc1ccccc1
A118: 77 | B118: https://doi.org/10.1016/j.dyepig.2017.03.032 | C118: THF | D118: 425 | E118: C1(=CC=CC2=CC=CC=C12)C1=NC2=C(N1C1=CC=CC=C1)C1=CC=CC=C1C=1C=CC=CC12 | F118: 0 | G118: c1ccc(-n2c(-c3cccc4ccccc34)nc3c4ccccc4c4ccccc4c32)cc1 | H118: C1CCOC1
A119: 78 | B119: https://doi.org/10.1016/j.dyepig.2017.03.032 | C119: THF | D119: 446 | E119: C1(=CC=CC2=CC=CC=C12)C1=NC2=C(N1C1=CC=CC=C1)C1=CC=CC=C1C=1C=CC=CC12 | F119: 0 | G119: c1ccc(-n2c(-c3cccc4ccccc34)nc3c4ccccc4c4ccccc4c32)cc1 | H119: C1CCOC1
A120: 178 | B120: https://doi.org/10.1016/j.dyepig.2021.109580 | C120: toluene | D120: 578 | E120: C1=CC=CC2=C1C1=NC3=CC=C(C=C3N=C1C1=C2C=CC=C1)N1C=2C=CC=CC2C=2C1=C1C(=C3C=4C=CC=CC4N(C23)C2=CC=CC=C2)N(C=2C=CC=CC21)C2=CC=CC=C2 | F120: 1 | G120: c1ccc(-n2c3ccccc3c3c2c2c4ccccc4n(-c4ccc5nc6c7ccccc7c7ccccc7c6nc5c4)c2c2c4ccccc4n(-c4ccccc4)c32)cc1 | H120: Cc1ccccc1
A121: 706 | B121: https://doi.org/10.1002/adfm.202105805 | D121: 446 | E121: C1=CC=CC=2OC=3C=C(C=C4OC=5C=CC=CC5B(C34)C12)N1C=2C=CC=CC2C2=C3C(=C4N(C=5C=CC=CC5C4=C21)C2=CC=CC=C2)C2=C(O3)C=CC=C2 | F121: 0 | G121: c1ccc(-n2c3ccccc3c3c4c(c5ccccc5n4-c4cc5c6c(c4)Oc4ccccc4B6c4ccccc4O5)c4oc5ccccc5c4c32)cc1
A122: 707 | B122: https://doi.org/10.1002/adfm.202105805 | D122: 445 | E122: C1=CC=CC=2OC=3C=C(C=C4OC=5C=CC=CC5B(C34)C12)N1C=2C=CC=CC2C2=C3C(=C4N(C=5C=CC=CC5C4=C21)C2=CC=CC=C2)C2=C(S3)C=CC=C2 | F122: 0 | G122: c1ccc(-n2c3ccccc3c3c4c(c5ccccc5n4-c4cc5c6c(c4)Oc4ccccc4B6c4ccccc4O5)c4sc5ccccc5c4c32)cc1
A123: 71 | B123: https://doi.org/10.1016/j.orgel.2022.106450 | C123: toluene | D123: 389 | E123: C1=CC=CC=2C3=CC=CC=C3N(C12)C1=C(C=CC=C1)C1=C(C=CC=C1)N1C2=CC=CC=C2C=2C=CC=CC12 | F123: 0 | G123: c1ccc(-n2c3ccccc3c3ccccc32)c(-c2ccccc2-n2c3ccccc3c3ccccc32)c1 | H123: Cc1ccccc1
A124: 72 | B124: https://doi.org/10.1016/j.orgel.2022.106450 | C124: toluene | D124: 403 | E124: C1=CC=CC=2C3=CC=CC=C3N(C12)C1=C(C=CC=C1)C=1C=NC=CC1N1C2=CC=CC=C2C=2C=CC=CC12 | F124: 0 | G124: c1ccc(-n2c3ccccc3c3ccccc32)c(-c2cnccc2-n2c3ccccc3c3ccccc32)c1 | H124: Cc1ccccc1
A125: 73 | B125: https://doi.org/10.1016/j.orgel.2022.106450 | C125: toluene | D125: 467 | E125: C1=CC=CC=2C3=CC=CC=C3N(C12)C1=C(C=CC=C1)C1=NC(=NC(=N1)C1=C(C=CC=C1)N1C2=CC=CC=C2C=2C=CC=CC12)C1=C(C=CC=C1)N1C2=CC=CC=C2C=2C=CC=CC12 | F125: 0 | G125: c1ccc(-n2c3ccccc3c3ccccc32)c(-c2nc(-c3ccccc3-n3c4ccccc4c4ccccc43)nc(-c3ccccc3-n3c4ccccc4c4ccccc43)n2)c1 | H125: Cc1ccccc1
A126: 483 | B126: https://doi.org/10.1039/C7TC05576E | C126: toluene | D126: 531 | E126: C1(=CC=CC=C1)N1C(=NC2=C1C1=CC=CC=C1C=1C=CC=CC12)C1=CC=C(C=C1)N1C=2C=CC=CC2N(C2=CC=CC=C12)C1=CC=CC=C1 | F126: 0 | G126: c1ccc(N2c3ccccc3N(c3ccc(-c4nc5c6ccccc6c6ccccc6c5n4-c4ccccc4)cc3)c3ccccc32)cc1 | H126: Cc1ccccc1
A127: 395 | B127: https://doi.org/10.1039/D3QM01170D | C127: toluene | D127: 569 | E127: N1=CC(=CC=C1)C=1C=C2N=C3C4=C(C5=C(C3=NC2=CC1C=1C=NC=CC1)C=CC(=C5)C=5C=CC=1N(C2=CC=CC=C2OC1C5)C5=CC=CC=C5)C=CC=C4 | F127: 0 | G127: c1ccc(N2c3ccccc3Oc3cc(-c4ccc5c(c4)c4ccccc4c4nc6cc(-c7cccnc7)c(-c7cccnc7)cc6nc54)ccc32)cc1 | H127: Cc1ccccc1
A128: 328 | B128: https://doi.org/10.1039/C9TC02195G | C128: THF | D128: 395 | E128: C1=C2C(=CC=C1)N1C=3C=CC=CC3C=3C=C4C(=C2C13)NC1=CC=CC=C14 | F128: 0 | G128: c1ccc2c(c1)[nH]c1c2cc2c3ccccc3n3c4ccccc4c1c23 | H128: C1CCOC1
A129: 630 | B129: https://doi.org/10.1039/D0TC01897J | C129: toluene | D129: 505 | E129: C1=C2C=3C=C4C(=CC3NC2=CC=C1)NC=1C=CC=CC14 | F129: 1 | G129: c12c3cc4c5ccccc5n(C6=CC=CC=C6C7=NC(C8=CC=CC=C8)=NC(C9=CC=CC=C9)=N7)c4cc3n(C%10=CC=CC=C%10)c1cccc2 | H129: Cc1ccccc1
A130: 631 | B130: https://doi.org/10.1039/D0TC01897J | C130: toluene | D130: 502 | E130: C1=C2C=3C=C4C(=CC3NC2=CC=C1)NC=1C=CC=CC14 | F130: 1 | G130: c12c3cc4c5ccccc5n(C6=CC=CC=C6C7=NC(C8=CC=CC=C8)=NC(C9=CC=CC=C9)=N7)c4cc3n(C%10=CC=CC=C%10C%11=NC(C%12=CC=CC=C%12)=NC(C%13=CC=CC=C%13)=N%11)c1cccc2 | H130: Cc1ccccc1
A131: 844 | B131: https://doi.org/10.1039/D3QO01788E | C131: CH2Cl2 | D131: 375 | E131: C12=CC=CC(C3=C4C=CC=C3)=C1N4C5=C2C=CC=C5 | F131: 1 | G131: c1ccc2c(c1)c1cccc3c4ccccc4n2c13 | H131: ClCCl
A132: 587 | B132: https://doi.org/10.1039/D4TC00988F | C132: toluene | D132: 595 | E132: C1=CC=CC=2C3=CC=CC=C3N(C12)C1=C2N=C3C4=C(C5=C(C3=NC2=C(C(=C1N1C2=CC=CC=C2C=2C=CC=CC12)N1C2=CC=CC=C2C=2C=CC=CC12)N1C2=CC=CC=C2C=2C=CC=CC12)C=CC=C5)C=CC=C4 | F132: 0 | G132: c1ccc2c(c1)c1ccccc1c1nc3c(-n4c5ccccc5c5ccccc54)c(-n4c5ccccc5c5ccccc54)c(-n4c5ccccc5c5ccccc54)c(-n4c5ccccc5c5ccccc54)c3nc21 | H132: Cc1ccccc1
